order_id,customer_id,order_date,status,region_code
O00001,C0288,2026-04-29 00:04:41,SHIPPED,SOUTH
O00002,C0194,2026-07-15 00:04:41,SHIPPED,NORTH
O00003,C0486,2026-03-18 00:04:41,RETURNED,NORTH
O00004,C0094,2026-04-27 00:04:41,RETURNED,NORTH
O00005,C0480,2025-07-14 00:04:41,SHIPPED,EAST
O00006,C0164,2024-11-07 00:04:41,DELIVERED,WEST
O00007,C0006,2025-04-21 00:04:41,DELIVERED,EAST
O00008,C0403,2024-10-08 00:00:00,CANCELLED,WEST
O00009,C0497,2025-10-06 00:04:41,CANCELLED,EAST
O00010,C0280,2025-12-12 00:04:41,RETURNED,SOUTH
O00011,C0084,2024-09-12 00:04:41,DELIVERED,EAST
O00012,C0488,2025-07-25 00:04:41,CANCELLED,SOUTH
O00013,C0375,2024-11-12 00:04:41,RETURNED,WEST
O00014,UNKNOWN,2026-06-09 00:04:41,CANCELLED,SOUTH
O00015,C0028,2025-03-07 00:04:41,CANCELLED,EAST
O00016,C0339,2025-04-09 00:04:41,CANCELLED,WEST
O00017,C0079,2024-08-12 00:04:41,DELIVERED,WEST
O00018,C0103,2025-03-08 00:04:41,DELIVERED,NORTH
O00019,C0243,2025-06-20 00:04:41,CANCELLED,WEST
O00020,C0459,2024-11-10 00:04:41,CANCELLED,SOUTH
O00021,C0190,2025-08-22 00:04:41,PLACED,EAST
O00022,C0226,2025-03-28 00:04:41,RETURNED,NORTH
O00023,C0078,2026-06-23 00:04:41,DELIVERED,WEST
O00024,C0498,2025-03-29 00:04:41,CANCELLED,WEST
O00025,C0495,2025-12-08 00:04:41,SHIPPED,WEST
O00026,C0154,2024-09-13 00:04:41,RETURNED,SOUTH
O00027,C0062,2025-11-11 00:04:41,SHIPPED,SOUTH
O00028,C0414,2024-09-21 00:04:41,CANCELLED,SOUTH
O00029,C0422,2026-04-10 00:04:41,PLACED,NORTH
O00030,C0199,2026-02-25 00:04:41,DELIVERED,WEST
O00031,C0470,2026-07-27 00:04:41,RETURNED,WEST
O00032,C0058,2025-01-07 00:04:41,RETURNED,NORTH
O00033,C0474,2024-11-20 00:04:41,RETURNED,EAST
O00034,C0450,2025-09-05 00:04:41,RETURNED,WEST
O00035,C0020,2025-09-25 00:04:41,RETURNED,WEST
O00036,C0020,2025-07-14 00:04:41,PLACED,WEST
O00037,C0472,2025-08-25 00:00:00,DELIVERED,EAST
O00038,C0144,2026-07-22 00:04:41,SHIPPED,SOUTH
O00039,C0154,2025-11-05 00:04:41,DELIVERED,EAST
O00040,C0374,2026-06-01 00:04:41,CANCELLED,SOUTH
O00041,C0468,2025-12-18 00:04:41,DELIVERED,NORTH
O00042,C0264,2024-10-15 00:04:41,RETURNED,WEST
O00043,C0070,2026-01-27 00:04:41,PLACED,SOUTH
O00044,C0099,2025-03-02 00:04:41,SHIPPED,NORTH
O00045,C0234,2025-08-13 00:04:41,DELIVERED,EAST
O00046,C0422,2025-09-19 00:04:41,PLACED,NORTH
O00047,C0124,2026-04-09 00:04:41,CANCELLED,EAST
O00048,C0177,2025-04-30 00:04:41,PLACED,EAST
O00049,C0015,2025-01-22 00:04:41,SHIPPED,SOUTH
O00050,C0332,2025-03-08 00:04:41,CANCELLED,NORTH
O00051,C0443,2026-08-07 00:00:00,SHIPPED,SOUTH
O00052,C0308,2025-03-26 00:04:41,DELIVERED,EAST
O00053,C0217,2025-08-01 00:04:41,SHIPPED,WEST
O00054,C0155,2026-05-09 00:04:41,PLACED,NORTH
O00055,C0262,2025-08-27 00:04:41,RETURNED,EAST
O00056,C0153,2025-12-15 00:04:41,DELIVERED,EAST
O00057,C0442,2026-06-11 00:04:41,DELIVERED,SOUTH
O00058,C0077,2025-04-12 00:04:41,RETURNED,WEST
O00059,C0339,2024-12-30 00:04:41,CANCELLED,EAST
O00060,C0133,2025-09-27 00:04:41,PLACED,SOUTH
O00061,C0176,2025-03-24 00:04:41,CANCELLED,EAST
O00062,C0260,2025-01-30 00:04:41,RETURNED,SOUTH
O00063,C0151,2024-12-18 00:04:41,RETURNED,SOUTH
O00064,C0485,2025-07-18 00:04:41,SHIPPED,EAST
O00065,C0115,2025-06-19 00:04:41,DELIVERED,EAST
O00066,C0134,2025-11-26 00:04:41,CANCELLED,NORTH
O00067,C0444,2026-03-26 00:04:41,PLACED,WEST
O00068,C0456,2024-12-09 00:04:41,CANCELLED,EAST
O00069,C0212,2025-01-10 00:04:41,SHIPPED,EAST
O00070,C0210,2025-11-20 00:04:41,SHIPPED,NORTH
O00071,C0250,2025-02-06 00:04:41,PLACED,NORTH
O00072,C0232,2025-01-28 00:04:41,SHIPPED,WEST
O00073,C0403,2024-11-07 00:04:41,CANCELLED,WEST
O00074,C0207,2025-12-10 00:04:41,PLACED,SOUTH
O00075,C0375,2024-08-23 00:04:41,RETURNED,SOUTH
O00076,C0010,2026-05-12 00:04:41,SHIPPED,EAST
O00077,C0160,2025-09-05 00:04:41,DELIVERED,SOUTH
O00078,C0034,2025-06-10 00:04:41,CANCELLED,EAST
O00079,C0223,2024-12-24 00:04:41,CANCELLED,EAST
O00080,C0385,2025-09-26 00:00:00,SHIPPED,SOUTH
O00081,C0109,2026-04-04 00:04:41,PLACED,EAST
O00082,C0365,2024-09-16 00:04:41,DELIVERED,NORTH
O00083,C0305,2026-06-17 00:04:41,PLACED,NORTH
O00084,C0354,2025-11-06 00:04:41,RETURNED,EAST
O00085,C0243,2025-03-07 00:04:41,PLACED,EAST
O00086,C0216,2026-06-18 00:04:41,RETURNED,SOUTH
O00087,C0215,2024-11-24 00:04:41,RETURNED,NORTH
O00088,C0145,2024-11-25 00:04:41,RETURNED,SOUTH
O00089,C0399,2026-01-26 00:04:41,DELIVERED,WEST
O00090,C0152,2026-02-21 00:04:41,SHIPPED,WEST
O00091,C0170,2024-08-22 00:04:41,PLACED,WEST
O00092,C0077,2026-01-14 00:04:41,PLACED,EAST
O00093,C0330,2025-06-08 00:04:41,PLACED,NORTH
O00094,C0417,2024-09-18 00:04:41,DELIVERED,EAST
O00095,C0219,2024-11-14 00:04:41,PLACED,NORTH
O00096,C0437,2026-06-02 00:04:41,DELIVERED,WEST
O00097,C0490,2024-11-12 00:04:41,DELIVERED,SOUTH
O00098,C0059,2025-11-19 00:04:41,CANCELLED,WEST
O00099,C0410,2025-01-26 00:04:41,PLACED,SOUTH
O00100,C0054,2026-04-05 00:04:41,RETURNED,WEST
O00101,C0093,2025-08-11 00:04:41,SHIPPED,WEST
O00102,C0472,2025-10-04 00:04:41,PLACED,EAST
O00103,C0336,2026-07-31 00:04:41,RETURNED,SOUTH
O00104,C0490,2025-07-21 00:04:41,RETURNED,NORTH
O00105,C0222,2025-04-20 00:04:41,CANCELLED,SOUTH
O00106,C0430,2026-04-28 00:04:41,SHIPPED,WEST
O00107,C0437,2025-01-25 00:04:41,CANCELLED,EAST
O00108,C0124,2025-05-20 00:04:41,SHIPPED,WEST
O00109,C0207,2024-10-28 00:04:41,RETURNED,WEST
O00110,C0046,2025-11-09 00:04:41,CANCELLED,NORTH
O00111,C0053,2024-09-14 00:04:41,PLACED,NORTH
O00112,C0406,2026-05-04 00:04:41,RETURNED,SOUTH
O00113,C0336,2025-07-24 00:04:41,PLACED,SOUTH
O00114,C0433,2026-03-05 00:04:41,RETURNED,WEST
O00115,C0367,2025-11-15 00:04:41,SHIPPED,NORTH
O00116,C0175,2026-05-19 00:04:41,DELIVERED,EAST
O00117,C0360,2025-01-24 00:04:41,CANCELLED,NORTH
O00118,C0131,2025-02-17 00:04:41,CANCELLED,SOUTH
O00119,C0235,2025-02-20 00:04:41,PLACED,WEST
O00120,C0024,2026-06-28 00:04:41,CANCELLED,WEST
O00121,C0338,2026-01-07 00:04:41,CANCELLED,NORTH
O00122,C0272,2026-02-26 00:04:41,RETURNED,WEST
O00123,C0474,2025-02-06 00:04:41,SHIPPED,SOUTH
O00124,C0054,2026-04-15 00:04:41,DELIVERED,WEST
O00125,C0215,2026-07-19 00:04:41,DELIVERED,WEST
O00126,C0494,2025-06-06 00:04:41,SHIPPED,SOUTH
O00127,C0212,2026-01-15 00:04:41,RETURNED,EAST
O00128,C0365,2026-02-26 00:04:41,SHIPPED,SOUTH
O00129,C0320,2026-07-13 00:04:41,SHIPPED,SOUTH
O00130,C0258,2026-05-23 00:04:41,PLACED,EAST
O00131,C0288,2026-03-16 00:04:41,CANCELLED,EAST
O00132,C0450,2024-08-22 00:04:41,PLACED,WEST
O00133,C0075,2024-10-05 00:04:41,SHIPPED,EAST
O00134,C0350,2024-10-11 00:04:41,DELIVERED,SOUTH
O00135,C0386,2025-08-11 00:04:41,PLACED,SOUTH
O00136,C0381,2025-09-11 00:04:41,DELIVERED,NORTH
O00137,C0475,2025-10-09 00:04:41,DELIVERED,NORTH
O00138,C0007,2025-03-04 00:04:41,CANCELLED,SOUTH
O00139,C0467,2026-08-05 00:04:41,RETURNED,SOUTH
O00140,C0398,2025-02-23 00:04:41,SHIPPED,NORTH
O00141,C0096,2026-01-17 00:04:41,PLACED,WEST
O00142,C0143,2024-12-20 00:04:41,DELIVERED,NORTH
O00143,C0170,2025-01-14 00:00:00,DELIVERED,NORTH
O00144,C0397,2026-05-01 00:04:41,DELIVERED,WEST
O00145,C0405,2025-08-10 00:04:41,DELIVERED,SOUTH
O00146,C0490,2024-10-17 00:04:41,SHIPPED,WEST
O00147,C0279,2024-11-11 00:04:41,SHIPPED,EAST
O00148,C0170,2025-03-20 00:04:41,RETURNED,WEST
O00149,C0288,2026-04-06 00:00:00,DELIVERED,WEST
O00150,C0124,2026-04-29 00:04:41,SHIPPED,NORTH
O00151,C0350,2025-09-03 00:04:41,PLACED,WEST
O00152,C0132,2025-05-25 00:00:00,RETURNED,EAST
O00153,C0264,2025-11-08 00:04:41,DELIVERED,SOUTH
O00154,C0165,2024-11-15 00:04:41,RETURNED,NORTH
O00155,C0321,2026-06-26 00:04:41,SHIPPED,WEST
O00156,C0428,2026-02-10 00:04:41,CANCELLED,NORTH
O00157,C0383,2024-09-02 00:04:41,DELIVERED,NORTH
O00158,C0045,2025-02-07 00:04:41,RETURNED,NORTH
O00159,C0295,2025-04-30 00:04:41,CANCELLED,WEST
O00160,C0222,2025-09-11 00:04:41,RETURNED,NORTH
O00161,C0329,2024-10-12 00:04:41,RETURNED,NORTH
O00162,C0359,2025-08-10 00:04:41,PLACED,EAST
O00163,C0403,2026-04-22 00:04:41,CANCELLED,WEST
O00164,C0203,2024-09-09 00:04:41,RETURNED,SOUTH
O00165,C0070,2026-02-18 00:04:41,SHIPPED,EAST
O00166,C0347,2026-06-03 00:04:41,PLACED,SOUTH
O00167,UNKNOWN,2026-03-18 00:04:41,RETURNED,NORTH
O00168,C0157,2025-07-27 00:04:41,RETURNED,SOUTH
O00169,C0083,2026-05-02 00:04:41,SHIPPED,NORTH
O00170,C0093,2026-03-12 00:04:41,RETURNED,WEST
O00171,C0331,2025-06-02 00:04:41,DELIVERED,NORTH
O00172,C0102,2025-12-20 00:04:41,DELIVERED,SOUTH
O00173,C0344,2024-11-19 00:04:41,PLACED,SOUTH
O00174,C0163,2025-07-11 00:04:41,DELIVERED,SOUTH
O00175,C0290,2025-06-28 00:04:41,SHIPPED,NORTH
O00176,C0161,2025-03-23 00:04:41,CANCELLED,EAST
O00177,C0431,2026-07-05 00:04:41,CANCELLED,WEST
O00178,C0229,2025-06-17 00:04:41,PLACED,SOUTH
O00179,C0331,2025-05-23 00:04:41,SHIPPED,SOUTH
O00180,C0135,2026-05-12 00:04:41,PLACED,NORTH
O00181,C0435,2024-09-09 00:04:41,RETURNED,WEST
O00182,C0394,2024-09-15 00:04:41,RETURNED,WEST
O00183,C0335,2025-08-18 00:04:41,RETURNED,EAST
O00184,C0069,2026-01-13 00:04:41,DELIVERED,NORTH
O00185,C0340,2026-04-29 00:04:41,RETURNED,SOUTH
O00186,C0229,2026-03-11 00:04:41,SHIPPED,WEST
O00187,C0481,2025-03-21 00:04:41,SHIPPED,NORTH
O00188,C0136,2024-09-21 00:04:41,RETURNED,EAST
O00189,C0199,2025-11-17 00:04:41,PLACED,EAST
O00190,C0053,2026-01-24 00:04:41,DELIVERED,EAST
O00191,C0297,2025-02-03 00:04:41,CANCELLED,EAST
O00192,C0301,2024-10-27 00:04:41,CANCELLED,SOUTH
O00193,C0265,2025-07-28 00:04:41,CANCELLED,NORTH
O00194,C0257,2025-11-02 00:04:41,PLACED,EAST
O00195,C0109,2025-01-17 00:04:41,PLACED,SOUTH
O00196,C0213,2024-12-03 00:04:41,CANCELLED,WEST
O00197,C0108,2026-06-02 00:04:41,PLACED,SOUTH
O00198,C0023,2026-04-07 00:04:41,RETURNED,NORTH
O00199,C0457,2024-10-05 00:04:41,SHIPPED,WEST
O00200,C0307,2026-05-23 00:00:00,DELIVERED,NORTH
O00201,C0111,2025-12-04 00:04:41,SHIPPED,SOUTH
O00202,C0426,2025-01-02 00:04:41,SHIPPED,EAST
O00203,C0086,2025-07-25 00:04:41,RETURNED,NORTH
O00204,C0118,2024-12-22 00:04:41,SHIPPED,WEST
O00205,C0424,2024-11-15 00:04:41,RETURNED,NORTH
O00206,C0450,2026-01-06 00:04:41,PLACED,WEST
O00207,C0338,2026-04-18 00:04:41,PLACED,WEST
O00208,C0268,2024-09-22 00:04:41,CANCELLED,SOUTH
O00209,C0481,2025-09-03 00:04:41,RETURNED,NORTH
O00210,C0218,2025-12-10 00:04:41,PLACED,EAST
O00211,C0307,2025-10-01 00:04:41,PLACED,NORTH
O00212,C0296,2026-01-23 00:00:00,SHIPPED,EAST
O00213,C0210,2025-01-14 00:04:41,RETURNED,EAST
O00214,C0134,2025-10-16 00:04:41,RETURNED,EAST
O00215,C0349,2025-03-05 00:04:41,RETURNED,WEST
O00216,C0092,2026-02-28 00:04:41,DELIVERED,EAST
O00217,C0397,2024-12-28 00:04:41,PLACED,SOUTH
O00218,C0229,2025-01-21 00:04:41,RETURNED,WEST
O00219,C0403,2026-02-23 00:04:41,PLACED,SOUTH
O00220,C0200,2024-08-14 00:04:41,SHIPPED,WEST
O00221,C0475,2024-11-07 00:04:41,SHIPPED,EAST
O00222,C0041,2025-09-06 00:04:41,CANCELLED,EAST
O00223,C0365,2024-10-06 00:04:41,SHIPPED,WEST
O00224,UNKNOWN,2026-06-12 00:04:41,RETURNED,EAST
O00225,UNKNOWN,2026-04-14 00:04:41,SHIPPED,SOUTH
O00226,UNKNOWN,2025-04-10 00:04:41,SHIPPED,NORTH
O00227,C0142,2025-08-05 00:04:41,CANCELLED,SOUTH
O00228,UNKNOWN,2026-07-30 00:04:41,PLACED,EAST
O00229,C0372,2026-03-28 00:04:41,DELIVERED,SOUTH
O00230,C0311,2025-11-17 00:04:41,RETURNED,NORTH
O00231,C0134,2026-01-09 00:04:41,PLACED,EAST
O00232,C0175,2026-01-16 00:04:41,RETURNED,EAST
O00233,C0356,2025-08-30 00:04:41,SHIPPED,EAST
O00234,C0493,2026-07-07 00:04:41,RETURNED,NORTH
O00235,C0247,2024-10-17 00:04:41,SHIPPED,SOUTH
O00236,C0410,2025-08-05 00:04:41,PLACED,EAST
O00237,C0128,2025-09-21 00:04:41,DELIVERED,NORTH
O00238,C0284,2025-12-09 00:04:41,SHIPPED,EAST
O00239,C0094,2026-07-09 00:04:41,SHIPPED,WEST
O00240,C0378,2025-04-13 00:04:41,SHIPPED,SOUTH
O00241,C0104,2026-05-04 00:04:41,PLACED,NORTH
O00242,C0472,2026-06-19 00:04:41,PLACED,NORTH
O00243,C0435,2026-05-06 00:04:41,RETURNED,EAST
O00244,C0252,2026-01-14 00:04:41,SHIPPED,SOUTH
O00245,C0028,2025-10-16 00:04:41,RETURNED,NORTH
O00246,C0258,2026-07-12 00:04:41,CANCELLED,NORTH
O00247,C0358,2025-06-28 00:04:41,PLACED,SOUTH
O00248,C0195,2025-07-08 00:04:41,DELIVERED,SOUTH
O00249,C0281,2025-05-11 00:04:41,RETURNED,EAST
O00250,C0188,2025-10-17 00:04:41,DELIVERED,EAST
O00251,C0438,2025-11-13 00:04:41,SHIPPED,SOUTH
O00252,C0417,2025-05-12 00:04:41,RETURNED,WEST
O00253,C0439,2025-01-05 00:04:41,SHIPPED,WEST
O00254,UNKNOWN,2025-10-14 00:04:41,RETURNED,EAST
O00255,C0403,2025-04-22 00:04:41,RETURNED,NORTH
O00256,C0204,2025-01-23 00:04:41,DELIVERED,WEST
O00257,C0430,2025-11-12 00:04:41,DELIVERED,EAST
O00258,C0185,2025-04-29 00:04:41,CANCELLED,NORTH
O00259,C0180,2026-04-21 00:04:41,RETURNED,SOUTH
O00260,C0400,2025-07-07 00:04:41,CANCELLED,WEST
O00261,C0456,2026-04-29 00:04:41,SHIPPED,SOUTH
O00262,C0328,2025-07-20 00:04:41,RETURNED,WEST
O00263,C0435,2024-10-29 00:04:41,SHIPPED,EAST
O00264,C0163,2026-08-06 00:04:41,CANCELLED,EAST
O00265,C0455,2025-08-15 00:04:41,RETURNED,WEST
O00266,C0212,2024-09-01 00:04:41,SHIPPED,EAST
O00267,C0482,2024-10-29 00:04:41,CANCELLED,NORTH
O00268,C0049,2025-12-06 00:04:41,PLACED,WEST
O00269,C0269,2024-11-02 00:04:41,RETURNED,SOUTH
O00270,C0044,2025-09-12 00:04:41,SHIPPED,EAST
O00271,C0227,2024-12-21 00:04:41,SHIPPED,NORTH
O00272,C0018,2025-07-08 00:04:41,CANCELLED,EAST
O00273,C0281,2026-07-24 00:04:41,RETURNED,WEST
O00274,C0324,2026-03-09 00:04:41,RETURNED,EAST
O00275,C0466,2026-02-12 00:04:41,PLACED,WEST
O00276,C0158,2025-05-02 00:04:41,PLACED,NORTH
O00277,C0268,2024-12-26 00:04:41,CANCELLED,NORTH
O00278,C0353,2025-12-10 00:04:41,CANCELLED,EAST
O00279,C0306,2024-08-16 00:04:41,SHIPPED,WEST
O00280,C0452,2025-09-17 00:04:41,CANCELLED,WEST
O00281,C0113,2025-10-15 00:04:41,RETURNED,EAST
O00282,C0146,2026-02-04 00:04:41,CANCELLED,SOUTH
O00283,C0437,2024-12-26 00:04:41,CANCELLED,WEST
O00284,C0140,2025-12-25 00:04:41,PLACED,SOUTH
O00285,C0026,2024-08-31 00:04:41,PLACED,EAST
O00286,C0138,2025-10-31 00:04:41,SHIPPED,NORTH
O00287,UNKNOWN,2025-03-19 00:04:41,DELIVERED,WEST
O00288,C0191,2024-09-10 00:04:41,SHIPPED,NORTH
O00289,C0137,2024-10-21 00:04:41,SHIPPED,SOUTH
O00290,C0459,2025-09-03 00:04:41,PLACED,SOUTH
O00291,C0198,2025-11-05 00:04:41,PLACED,SOUTH
O00292,C0236,2024-11-13 00:04:41,SHIPPED,WEST
O00293,C0200,2025-06-24 00:04:41,SHIPPED,NORTH
O00294,C0382,2026-01-24 00:04:41,CANCELLED,EAST
O00295,C0102,2024-10-01 00:04:41,SHIPPED,NORTH
O00296,C0121,2025-07-07 00:00:00,DELIVERED,NORTH
O00297,C0203,2024-08-18 00:04:41,RETURNED,WEST
O00298,C0353,2025-08-24 00:04:41,SHIPPED,SOUTH
O00299,C0256,2026-05-04 00:04:41,PLACED,NORTH
O00300,C0183,2026-07-28 00:04:41,PLACED,SOUTH
O00301,C0250,2026-03-03 00:04:41,DELIVERED,WEST
O00302,C0376,2026-07-15 00:04:41,SHIPPED,EAST
O00303,UNKNOWN,2026-08-02 00:04:41,DELIVERED,WEST
O00304,C0098,2026-02-16 00:04:41,CANCELLED,EAST
O00305,C0445,2026-02-27 00:04:41,RETURNED,SOUTH
O00306,C0231,2025-05-05 00:04:41,CANCELLED,NORTH
O00307,C0398,2025-09-01 00:04:41,PLACED,EAST
O00308,C0398,2025-07-03 00:04:41,RETURNED,WEST
O00309,C0098,2025-12-31 00:04:41,SHIPPED,EAST
O00310,C0166,2025-07-04 00:04:41,RETURNED,NORTH
O00311,C0023,2024-12-19 00:04:41,PLACED,SOUTH
O00312,C0055,2024-11-18 00:00:00,CANCELLED,WEST
O00313,C0270,2026-04-05 00:04:41,DELIVERED,SOUTH
O00314,C0311,2024-08-22 00:04:41,SHIPPED,WEST
O00315,C0476,2024-10-29 00:04:41,PLACED,EAST
O00316,C0286,2025-10-08 00:04:41,PLACED,EAST
O00317,UNKNOWN,2024-10-20 00:04:41,PLACED,SOUTH
O00318,C0492,2024-11-20 00:04:41,RETURNED,WEST
O00319,C0098,2026-06-12 00:04:41,SHIPPED,WEST
O00320,C0383,2026-05-24 00:04:41,CANCELLED,WEST
O00321,C0453,2025-02-09 00:04:41,RETURNED,EAST
O00322,C0337,2026-04-15 00:04:41,DELIVERED,EAST
O00323,C0282,2025-07-07 00:04:41,CANCELLED,WEST
O00324,C0423,2026-04-24 00:04:41,RETURNED,SOUTH
O00325,C0193,2025-04-26 00:04:41,CANCELLED,WEST
O00326,C0492,2024-09-13 00:04:41,RETURNED,NORTH
O00327,C0266,2025-06-14 00:00:00,SHIPPED,SOUTH
O00328,C0439,2026-07-16 00:04:41,RETURNED,SOUTH
O00329,UNKNOWN,2025-08-08 00:04:41,DELIVERED,EAST
O00330,C0456,2025-04-04 00:04:41,DELIVERED,NORTH
O00331,C0293,2025-03-19 00:04:41,DELIVERED,WEST
O00332,C0089,2026-07-16 00:04:41,PLACED,EAST
O00333,C0020,2026-03-22 00:04:41,PLACED,EAST
O00334,C0179,2025-10-27 00:04:41,PLACED,SOUTH
O00335,C0383,2026-04-17 00:04:41,CANCELLED,NORTH
O00336,C0157,2025-07-01 00:04:41,SHIPPED,EAST
O00337,C0258,2025-01-12 00:04:41,CANCELLED,WEST
O00338,C0386,2026-01-07 00:04:41,CANCELLED,EAST
O00339,C0403,2024-12-22 00:04:41,CANCELLED,NORTH
O00340,C0281,2024-11-04 00:04:41,CANCELLED,SOUTH
O00341,C0391,2026-03-04 00:04:41,CANCELLED,SOUTH
O00342,C0288,2026-01-27 00:04:41,PLACED,EAST
O00343,C0398,2026-07-11 00:04:41,PLACED,NORTH
O00344,C0344,2025-08-18 00:04:41,DELIVERED,EAST
O00345,C0305,2025-06-17 00:04:41,DELIVERED,WEST
O00346,C0320,2024-09-23 00:04:41,SHIPPED,SOUTH
O00347,C0351,2024-11-04 00:04:41,PLACED,SOUTH
O00348,C0486,2025-01-07 00:04:41,DELIVERED,NORTH
O00349,C0176,2024-11-30 00:04:41,CANCELLED,NORTH
O00350,C0170,2026-02-10 00:04:41,RETURNED,EAST
O00351,C0281,2024-12-31 00:04:41,PLACED,WEST
O00352,C0299,2026-01-30 00:00:00,SHIPPED,NORTH
O00353,C0146,2026-07-23 00:04:41,PLACED,WEST
O00354,C0336,2024-10-16 00:04:41,DELIVERED,EAST
O00355,C0443,2025-06-04 00:04:41,CANCELLED,SOUTH
O00356,C0195,2026-08-05 00:04:41,DELIVERED,WEST
O00357,C0444,2024-11-07 00:04:41,RETURNED,WEST
O00358,C0288,2024-08-31 00:00:00,RETURNED,EAST
O00359,C0171,2025-01-16 00:00:00,DELIVERED,EAST
O00360,C0321,2026-01-04 00:04:41,PLACED,EAST
O00361,C0450,2024-09-08 00:04:41,DELIVERED,SOUTH
O00362,C0078,2025-09-15 00:04:41,PLACED,WEST
O00363,C0267,2026-04-28 00:04:41,SHIPPED,WEST
O00364,C0124,2025-10-19 00:04:41,RETURNED,EAST
O00365,C0230,2025-03-08 00:04:41,RETURNED,SOUTH
O00366,C0442,2026-07-15 00:04:41,RETURNED,SOUTH
O00367,C0221,2025-01-04 00:04:41,RETURNED,SOUTH
O00368,C0163,2026-02-05 00:04:41,PLACED,SOUTH
O00369,C0163,2025-01-05 00:04:41,DELIVERED,WEST
O00370,C0493,2025-11-05 00:04:41,DELIVERED,SOUTH
O00371,C0399,2024-12-21 00:04:41,RETURNED,EAST
O00372,C0311,2025-04-02 00:04:41,SHIPPED,NORTH
O00373,C0184,2025-12-10 00:04:41,RETURNED,WEST
O00374,C0365,2025-02-13 00:04:41,CANCELLED,WEST
O00375,C0071,2025-03-28 00:00:00,PLACED,EAST
O00376,C0487,2026-06-27 00:04:41,SHIPPED,NORTH
O00377,C0091,2025-11-01 00:04:41,CANCELLED,EAST
O00378,C0444,2025-04-18 00:04:41,PLACED,WEST
O00379,C0369,2026-04-27 00:04:41,RETURNED,NORTH
O00380,C0267,2025-11-19 00:04:41,PLACED,SOUTH
O00381,C0266,2024-09-18 00:04:41,RETURNED,NORTH
O00382,C0098,2025-09-20 00:04:41,DELIVERED,WEST
O00383,C0086,2026-04-28 00:04:41,RETURNED,SOUTH
O00384,C0238,2025-11-14 00:04:41,RETURNED,NORTH
O00385,C0093,2026-07-22 00:04:41,CANCELLED,WEST
O00386,C0166,2025-02-08 00:04:41,SHIPPED,WEST
O00387,C0047,2026-07-18 00:04:41,SHIPPED,NORTH
O00388,C0047,2025-11-12 00:04:41,PLACED,WEST
O00389,C0373,2026-01-14 00:04:41,SHIPPED,WEST
O00390,C0282,2025-01-30 00:04:41,RETURNED,SOUTH
O00391,C0084,2025-02-08 00:04:41,PLACED,WEST
O00392,C0158,2025-11-08 00:04:41,SHIPPED,NORTH
O00393,C0461,2025-04-03 00:00:00,DELIVERED,NORTH
O00394,C0235,2026-01-01 00:04:41,PLACED,WEST
O00395,C0122,2026-06-15 00:04:41,CANCELLED,WEST
O00396,C0041,2024-08-15 00:04:41,RETURNED,EAST
O00397,C0318,2025-09-03 00:00:00,SHIPPED,NORTH
O00398,C0335,2025-01-04 00:04:41,RETURNED,EAST
O00399,C0170,2024-09-28 00:04:41,SHIPPED,SOUTH
O00400,C0345,2026-06-16 00:04:41,RETURNED,SOUTH
O00401,C0495,2026-03-24 00:04:41,PLACED,NORTH
O00402,C0394,2025-08-21 00:04:41,PLACED,WEST
O00403,C0432,2025-06-04 00:04:41,PLACED,EAST
O00404,C0169,2026-01-28 00:04:41,SHIPPED,NORTH
O00405,C0056,2026-05-15 00:04:41,PLACED,WEST
O00406,C0371,2026-08-02 00:04:41,RETURNED,EAST
O00407,C0133,2026-05-09 00:04:41,SHIPPED,WEST
O00408,C0267,2025-12-31 00:04:41,SHIPPED,SOUTH
O00409,C0363,2025-02-23 00:00:00,PLACED,WEST
O00410,C0321,2025-03-09 00:04:41,CANCELLED,WEST
O00411,C0024,2026-03-05 00:04:41,SHIPPED,NORTH
O00412,C0328,2025-05-24 00:04:41,PLACED,EAST
O00413,C0154,2025-07-06 00:04:41,PLACED,EAST
O00414,C0175,2026-03-14 00:04:41,PLACED,SOUTH
O00415,C0100,2025-07-21 00:04:41,CANCELLED,WEST
O00416,UNKNOWN,2024-12-26 00:04:41,CANCELLED,EAST
O00417,C0237,2025-10-06 00:04:41,PLACED,EAST
O00418,C0290,2025-06-28 00:04:41,PLACED,SOUTH
O00419,C0296,2025-08-06 00:04:41,SHIPPED,EAST
O00420,UNKNOWN,2025-08-28 00:04:41,SHIPPED,WEST
O00421,C0096,2025-06-20 00:04:41,DELIVERED,NORTH
O00422,C0140,2025-12-30 00:04:41,DELIVERED,WEST
O00423,C0425,2025-03-18 00:04:41,SHIPPED,NORTH
O00424,C0192,2025-03-03 00:04:41,CANCELLED,NORTH
O00425,C0410,2026-01-03 00:04:41,DELIVERED,WEST
O00426,C0376,2025-06-22 00:04:41,SHIPPED,NORTH
O00427,C0421,2026-01-19 00:04:41,SHIPPED,SOUTH
O00428,UNKNOWN,2025-09-09 00:04:41,RETURNED,NORTH
O00429,C0003,2024-09-23 00:04:41,RETURNED,NORTH
O00430,C0171,2024-09-25 00:04:41,DELIVERED,NORTH
O00431,C0296,2026-05-25 00:04:41,DELIVERED,SOUTH
O00432,C0099,2026-02-05 00:04:41,CANCELLED,NORTH
O00433,C0140,2025-05-16 00:04:41,RETURNED,NORTH
O00434,C0106,2026-02-22 00:04:41,SHIPPED,EAST
O00435,C0294,2024-10-20 00:04:41,DELIVERED,WEST
O00436,C0026,2025-12-04 00:04:41,PLACED,NORTH
O00437,C0197,2025-10-19 00:04:41,RETURNED,WEST
O00438,C0316,2025-07-15 00:04:41,RETURNED,NORTH
O00439,C0499,2025-11-28 00:04:41,PLACED,WEST
O00440,C0050,2026-07-10 00:04:41,CANCELLED,WEST
O00441,C0119,2025-01-03 00:04:41,RETURNED,EAST
O00442,C0468,2025-02-12 00:04:41,DELIVERED,EAST
O00443,C0233,2024-10-14 00:04:41,DELIVERED,WEST
O00444,C0237,2025-05-25 00:04:41,RETURNED,SOUTH
O00445,C0261,2024-11-26 00:04:41,PLACED,EAST
O00446,C0273,2026-04-05 00:04:41,RETURNED,SOUTH
O00447,C0281,2025-12-15 00:04:41,DELIVERED,SOUTH
O00448,C0417,2025-10-24 00:04:41,CANCELLED,EAST
O00449,C0279,2025-02-02 00:04:41,PLACED,WEST
O00450,C0059,2025-11-26 00:04:41,PLACED,WEST
O00451,C0091,2025-09-28 00:04:41,PLACED,WEST
O00452,C0168,2026-06-16 00:04:41,SHIPPED,SOUTH
O00453,C0455,2026-05-22 00:04:41,SHIPPED,SOUTH
O00454,C0232,2025-09-12 00:04:41,CANCELLED,SOUTH
O00455,C0106,2025-06-29 00:04:41,DELIVERED,WEST
O00456,C0368,2025-07-27 00:04:41,RETURNED,NORTH
O00457,C0314,2025-09-26 00:04:41,DELIVERED,NORTH
O00458,C0190,2024-02-10 00:00:00,RETURNED,EAST
O00459,C0057,2024-09-09 00:04:41,RETURNED,WEST
O00460,C0321,2025-09-04 00:04:41,CANCELLED,SOUTH
O00461,C0340,2024-12-29 00:04:41,CANCELLED,EAST
O00462,C0431,2025-05-31 00:04:41,SHIPPED,SOUTH
O00463,C0006,2024-08-25 00:04:41,CANCELLED,WEST
O00464,C0500,2024-11-03 00:04:41,CANCELLED,WEST
O00465,C0458,2026-04-19 00:04:41,RETURNED,SOUTH
O00466,C0233,2026-02-25 00:04:41,CANCELLED,EAST
O00467,C0116,2026-04-20 00:00:00,CANCELLED,SOUTH
O00468,C0365,2025-10-03 00:04:41,RETURNED,EAST
O00469,C0018,2026-03-13 00:04:41,DELIVERED,NORTH
O00470,C0298,2026-07-17 00:04:41,RETURNED,EAST
O00471,C0239,2026-01-26 00:04:41,PLACED,SOUTH
O00472,C0242,2026-06-19 00:04:41,PLACED,EAST
O00473,C0314,2025-07-26 00:04:41,PLACED,WEST
O00474,C0233,2025-12-02 00:04:41,DELIVERED,WEST
O00475,C0181,2025-06-06 00:04:41,PLACED,EAST
O00476,C0373,2025-05-02 00:04:41,CANCELLED,SOUTH
O00477,C0294,2025-06-03 00:04:41,RETURNED,NORTH
O00478,C0147,2024-12-16 00:04:41,DELIVERED,EAST
O00479,C0068,2025-05-17 00:04:41,PLACED,NORTH
O00480,C0310,2026-04-06 00:04:41,CANCELLED,EAST
O00481,C0414,2026-07-27 00:04:41,SHIPPED,NORTH
O00482,C0176,2025-01-04 00:04:41,SHIPPED,WEST
O00483,C0386,2025-09-05 00:04:41,CANCELLED,SOUTH
O00484,C0108,2025-07-28 00:04:41,DELIVERED,NORTH
O00485,C0027,2025-09-21 00:04:41,CANCELLED,SOUTH
O00486,C0195,2025-09-12 00:04:41,SHIPPED,WEST
O00487,C0007,2025-11-11 00:04:41,DELIVERED,NORTH
O00488,C0050,2026-05-23 00:04:41,CANCELLED,EAST
O00489,C0172,2024-11-17 00:04:41,RETURNED,WEST
O00490,C0237,2025-04-13 00:04:41,RETURNED,SOUTH
O00491,C0267,2026-07-16 00:04:41,DELIVERED,NORTH
O00492,UNKNOWN,2024-10-17 00:00:00,PLACED,NORTH
O00493,C0351,2025-03-21 00:04:41,DELIVERED,SOUTH
O00494,UNKNOWN,2024-11-11 00:04:41,RETURNED,SOUTH
O00495,C0487,2024-12-11 00:04:41,PLACED,NORTH
O00496,C0439,2025-08-28 00:04:41,RETURNED,SOUTH
O00497,C0459,2025-02-13 00:04:41,CANCELLED,NORTH
O00498,C0328,2025-05-19 00:04:41,DELIVERED,EAST
O00499,C0083,2025-05-19 00:04:41,CANCELLED,WEST
O00500,C0171,2025-04-30 00:04:41,DELIVERED,SOUTH
O00501,C0226,2025-03-02 00:04:41,SHIPPED,WEST
O00502,C0056,2025-10-24 00:04:41,PLACED,WEST
O00503,C0367,2024-09-13 00:04:41,RETURNED,EAST
O00504,C0398,2025-12-31 00:04:41,PLACED,NORTH
O00505,C0341,2025-01-11 00:04:41,CANCELLED,NORTH
O00506,C0264,2025-12-24 00:04:41,CANCELLED,NORTH
O00507,C0277,2025-09-06 00:04:41,CANCELLED,NORTH
O00508,C0291,2025-08-11 00:04:41,DELIVERED,WEST
O00509,C0029,2026-06-02 00:04:41,RETURNED,EAST
O00510,C0042,2025-06-01 00:04:41,SHIPPED,NORTH
O00511,C0496,2025-02-20 00:04:41,CANCELLED,NORTH
O00512,C0323,2025-12-20 00:04:41,CANCELLED,SOUTH
O00513,UNKNOWN,2024-09-03 00:04:41,RETURNED,SOUTH
O00514,C0251,2026-02-13 00:04:41,CANCELLED,WEST
O00515,C0495,2024-09-15 00:04:41,DELIVERED,NORTH
O00516,C0208,2026-06-09 00:04:41,CANCELLED,SOUTH
O00517,C0380,2024-10-21 00:00:00,SHIPPED,WEST
O00518,UNKNOWN,2026-04-05 00:00:00,SHIPPED,NORTH
O00519,C0089,2025-06-19 00:04:41,PLACED,WEST
O00520,C0313,2026-04-06 00:04:41,PLACED,NORTH
O00521,C0255,2026-05-01 00:04:41,SHIPPED,WEST
O00522,C0173,2026-07-04 00:04:41,PLACED,SOUTH
O00523,C0165,2025-03-15 00:04:41,RETURNED,SOUTH
O00524,C0172,2025-05-16 00:04:41,CANCELLED,SOUTH
O00525,C0357,2025-01-24 00:04:41,RETURNED,NORTH
O00526,C0069,2026-05-18 00:04:41,SHIPPED,NORTH
O00527,C0451,2024-08-15 00:00:00,PLACED,EAST
O00528,C0214,2025-12-09 00:04:41,SHIPPED,SOUTH
O00529,C0328,2025-11-13 00:04:41,SHIPPED,NORTH
O00530,C0306,2026-01-02 00:04:41,PLACED,EAST
O00531,C0179,2026-03-03 00:04:41,PLACED,NORTH
O00532,C0317,2026-02-12 00:04:41,CANCELLED,SOUTH
O00533,C0142,2024-12-02 00:04:41,CANCELLED,WEST
O00534,C0091,2024-09-22 00:04:41,DELIVERED,EAST
O00535,C0108,2025-07-17 00:04:41,CANCELLED,NORTH
O00536,C0054,2026-02-10 00:04:41,PLACED,WEST
O00537,C0264,2025-04-06 00:04:41,RETURNED,EAST
O00538,C0215,2026-07-03 00:04:41,SHIPPED,NORTH
O00539,C0167,2025-04-08 00:04:41,SHIPPED,WEST
O00540,C0457,2025-12-04 00:04:41,PLACED,WEST
O00541,C0075,2026-04-25 00:04:41,CANCELLED,EAST
O00542,C0070,2025-02-23 00:04:41,DELIVERED,SOUTH
O00543,C0172,2026-07-18 00:04:41,DELIVERED,SOUTH
O00544,C0057,2025-11-21 00:04:41,DELIVERED,SOUTH
O00545,C0454,2025-01-16 00:04:41,RETURNED,SOUTH
O00546,C0296,2025-04-01 00:04:41,RETURNED,WEST
O00547,C0442,2026-04-06 00:04:41,CANCELLED,EAST
O00548,C0008,2025-04-18 00:04:41,CANCELLED,SOUTH
O00549,C0457,2025-01-08 00:04:41,PLACED,WEST
O00550,UNKNOWN,2025-12-03 00:04:41,RETURNED,NORTH
O00551,C0218,2025-12-12 00:04:41,PLACED,WEST
O00552,C0254,2026-03-03 00:04:41,CANCELLED,SOUTH
O00553,C0068,2025-04-10 00:04:41,PLACED,NORTH
O00554,C0246,2025-01-21 00:04:41,RETURNED,NORTH
O00555,C0500,2024-12-28 00:04:41,CANCELLED,SOUTH
O00556,C0405,2026-05-12 00:04:41,PLACED,NORTH
O00557,C0198,2025-07-15 00:04:41,DELIVERED,WEST
O00558,C0386,2026-04-28 00:04:41,SHIPPED,NORTH
O00559,C0318,2024-10-04 00:04:41,DELIVERED,NORTH
O00560,C0057,2025-11-28 00:04:41,DELIVERED,EAST
O00561,C0090,2026-07-31 00:04:41,SHIPPED,SOUTH
O00562,C0172,2024-12-03 00:04:41,RETURNED,SOUTH
O00563,C0386,2025-03-27 00:04:41,DELIVERED,WEST
O00564,C0142,2025-08-25 00:04:41,CANCELLED,NORTH
O00565,C0241,2026-07-04 00:04:41,DELIVERED,WEST
O00566,C0318,2026-06-29 00:04:41,PLACED,SOUTH
O00567,C0457,2024-11-06 00:04:41,SHIPPED,EAST
O00568,C0491,2024-11-28 00:04:41,PLACED,SOUTH
O00569,C0255,2025-03-06 00:04:41,PLACED,EAST
O00570,C0214,2026-02-14 00:04:41,CANCELLED,EAST
O00571,C0216,2026-05-31 00:00:00,SHIPPED,NORTH
O00572,C0012,2025-04-03 00:04:41,RETURNED,EAST
O00573,C0211,2026-06-11 00:04:41,DELIVERED,WEST
O00574,C0304,2026-02-02 00:04:41,CANCELLED,WEST
O00575,C0156,2025-06-18 00:04:41,DELIVERED,SOUTH
O00576,C0248,2025-05-31 00:04:41,PLACED,SOUTH
O00577,C0181,2025-01-26 00:04:41,SHIPPED,EAST
O00578,C0094,2026-08-04 00:04:41,SHIPPED,SOUTH
O00579,C0122,2025-06-29 00:04:41,CANCELLED,EAST
O00580,C0190,2026-03-07 00:04:41,DELIVERED,EAST
O00581,C0076,2026-02-12 00:04:41,RETURNED,EAST
O00582,C0063,2025-09-27 00:04:41,SHIPPED,WEST
O00583,C0476,2024-08-13 00:04:41,RETURNED,EAST
O00584,C0332,2025-12-07 00:04:41,RETURNED,SOUTH
O00585,C0410,2025-11-04 00:04:41,PLACED,WEST
O00586,UNKNOWN,2026-07-04 00:04:41,DELIVERED,NORTH
O00587,C0206,2025-03-22 00:04:41,PLACED,EAST
O00588,C0029,2025-02-24 00:04:41,SHIPPED,EAST
O00589,UNKNOWN,2026-02-11 00:04:41,PLACED,WEST
O00590,C0100,2026-04-18 00:04:41,PLACED,EAST
O00591,C0204,2025-10-20 00:04:41,DELIVERED,NORTH
O00592,C0146,2025-06-20 00:04:41,RETURNED,NORTH
O00593,C0111,2025-11-06 00:04:41,CANCELLED,WEST
O00594,C0148,2025-10-17 00:04:41,CANCELLED,SOUTH
O00595,C0428,2024-11-05 00:04:41,DELIVERED,WEST
O00596,C0445,2025-07-18 00:04:41,RETURNED,WEST
O00597,UNKNOWN,2026-05-25 00:04:41,CANCELLED,SOUTH
O00598,C0285,2026-03-13 00:04:41,SHIPPED,SOUTH
O00599,C0096,2025-06-01 00:04:41,PLACED,EAST
O00600,C0428,2025-12-27 00:04:41,CANCELLED,SOUTH
O00601,C0014,2025-01-13 00:04:41,CANCELLED,NORTH
O00602,C0335,2025-05-30 00:04:41,CANCELLED,SOUTH
O00603,C0015,2025-05-19 00:04:41,PLACED,EAST
O00604,C0298,2025-10-29 00:04:41,CANCELLED,NORTH
O00605,C0192,2026-03-21 00:00:00,DELIVERED,SOUTH
O00606,C0298,2025-07-02 00:04:41,SHIPPED,EAST
O00607,C0084,2025-08-13 00:04:41,DELIVERED,NORTH
O00608,C0149,2026-05-25 00:04:41,RETURNED,SOUTH
O00609,C0393,2024-11-13 00:04:41,SHIPPED,EAST
O00610,C0447,2026-07-11 00:04:41,DELIVERED,EAST
O00611,C0050,2025-08-04 00:04:41,PLACED,SOUTH
O00612,C0266,2025-12-18 00:04:41,SHIPPED,NORTH
O00613,C0112,2025-03-23 00:04:41,RETURNED,NORTH
O00614,C0214,2024-10-26 00:04:41,SHIPPED,NORTH
O00615,C0246,2026-07-17 00:04:41,CANCELLED,EAST
O00616,C0089,2024-09-07 00:04:41,PLACED,SOUTH
O00617,C0066,2025-01-01 00:04:41,DELIVERED,SOUTH
O00618,C0108,2024-10-28 00:04:41,PLACED,NORTH
O00619,C0010,2025-10-24 00:00:00,PLACED,NORTH
O00620,C0407,2026-04-08 00:04:41,PLACED,EAST
O00621,C0023,2026-06-23 00:00:00,PLACED,NORTH
O00622,C0472,2026-04-02 00:04:41,SHIPPED,EAST
O00623,C0015,2025-05-20 00:04:41,DELIVERED,EAST
O00624,C0083,2026-04-28 00:04:41,RETURNED,NORTH
O00625,C0051,2024-08-23 00:04:41,SHIPPED,EAST
O00626,C0088,2026-10-02 00:00:00,PLACED,SOUTH
O00627,C0472,2026-08-03 00:04:41,RETURNED,SOUTH
O00628,C0226,2024-11-26 00:04:41,DELIVERED,WEST
O00629,C0218,2025-03-30 00:04:41,DELIVERED,NORTH
O00630,C0239,2024-12-26 00:04:41,DELIVERED,EAST
O00631,C0286,2024-11-01 00:04:41,PLACED,WEST
O00632,C0146,2025-06-24 00:04:41,CANCELLED,SOUTH
O00633,C0284,2025-10-21 00:04:41,PLACED,WEST
O00634,C0481,2025-08-02 00:00:00,CANCELLED,NORTH
O00635,C0203,2026-06-14 00:04:41,PLACED,SOUTH
O00636,C0203,2026-04-05 00:04:41,SHIPPED,NORTH
O00637,C0187,2025-07-21 00:04:41,CANCELLED,NORTH
O00638,C0120,2026-01-02 00:04:41,RETURNED,EAST
O00639,C0388,2026-05-30 00:04:41,DELIVERED,WEST
O00640,C0342,2025-09-27 00:04:41,RETURNED,EAST
O00641,C0076,2024-11-27 00:04:41,CANCELLED,WEST
O00642,C0119,2024-12-24 00:00:00,PLACED,NORTH
O00643,C0256,2025-02-08 00:04:41,DELIVERED,SOUTH
O00644,C0156,2024-11-15 00:04:41,RETURNED,WEST
O00645,C0406,2025-06-05 00:04:41,CANCELLED,EAST
O00646,C0278,2026-02-13 00:04:41,PLACED,WEST
O00647,C0451,2025-09-05 00:04:41,CANCELLED,WEST
O00648,UNKNOWN,2025-02-06 00:04:41,DELIVERED,SOUTH
O00649,C0252,2025-06-24 00:04:41,CANCELLED,NORTH
O00650,C0292,2026-06-15 00:04:41,RETURNED,WEST
O00651,C0244,2025-01-16 00:04:41,CANCELLED,EAST
O00652,C0254,2025-08-30 00:04:41,DELIVERED,EAST
O00653,C0165,2026-05-04 00:00:00,DELIVERED,EAST
O00654,C0415,2024-09-05 00:04:41,DELIVERED,WEST
O00655,C0050,2025-08-09 00:04:41,PLACED,SOUTH
O00656,C0127,2025-06-24 00:04:41,PLACED,EAST
O00657,C0059,2024-08-29 00:04:41,PLACED,WEST
O00658,C0337,2026-03-13 00:04:41,CANCELLED,EAST
O00659,C0011,2026-03-04 00:00:00,DELIVERED,WEST
O00660,C0293,2026-03-18 00:04:41,CANCELLED,NORTH
O00661,C0354,2025-07-19 00:04:41,DELIVERED,SOUTH
O00662,C0315,2025-10-29 00:04:41,PLACED,SOUTH
O00663,C0148,2025-06-09 00:04:41,CANCELLED,SOUTH
O00664,C0320,2024-11-11 00:04:41,RETURNED,NORTH
O00665,C0304,2024-10-16 00:04:41,RETURNED,WEST
O00666,C0219,2024-10-26 00:04:41,DELIVERED,EAST
O00667,C0222,2025-06-25 00:04:41,CANCELLED,EAST
O00668,C0320,2026-06-27 00:04:41,SHIPPED,NORTH
O00669,C0322,2025-02-16 00:04:41,SHIPPED,WEST
O00670,C0138,2026-02-05 00:04:41,CANCELLED,NORTH
O00671,C0268,2025-11-25 00:04:41,SHIPPED,EAST
O00672,C0433,2025-07-01 00:04:41,PLACED,SOUTH
O00673,C0434,2025-05-29 00:04:41,DELIVERED,SOUTH
O00674,C0208,2025-01-09 00:04:41,SHIPPED,EAST
O00675,C0238,2025-10-29 00:04:41,PLACED,SOUTH
O00676,C0082,2024-09-07 00:04:41,DELIVERED,SOUTH
O00677,C0330,2025-12-19 00:04:41,PLACED,NORTH
O00678,C0161,2024-10-13 00:04:41,CANCELLED,EAST
O00679,C0344,2024-11-09 00:04:41,SHIPPED,SOUTH
O00680,C0058,2026-01-03 00:04:41,RETURNED,EAST
O00681,C0255,2025-04-09 00:04:41,DELIVERED,EAST
O00682,C0427,2025-09-12 00:04:41,SHIPPED,WEST
O00683,C0112,2025-02-04 00:04:41,DELIVERED,WEST
O00684,C0210,2026-04-04 00:04:41,RETURNED,EAST
O00685,C0359,2025-06-29 00:04:41,CANCELLED,SOUTH
O00686,C0494,2025-01-04 00:04:41,DELIVERED,EAST
O00687,C0011,2026-04-21 00:00:00,PLACED,SOUTH
O00688,C0130,2025-06-21 00:04:41,DELIVERED,NORTH
O00689,C0274,2025-11-05 00:04:41,CANCELLED,EAST
O00690,C0155,2025-04-07 00:04:41,SHIPPED,WEST
O00691,C0324,2026-05-30 00:04:41,PLACED,EAST
O00692,C0444,2025-12-25 00:04:41,CANCELLED,EAST
O00693,C0368,2024-11-19 00:04:41,DELIVERED,NORTH
O00694,C0181,2026-02-20 00:04:41,CANCELLED,NORTH
O00695,C0391,2026-05-27 00:04:41,CANCELLED,SOUTH
O00696,C0002,2026-05-14 00:04:41,RETURNED,NORTH
O00697,C0057,2026-01-19 00:04:41,SHIPPED,WEST
O00698,C0406,2025-11-14 00:04:41,SHIPPED,EAST
O00699,C0089,2025-07-10 00:04:41,SHIPPED,NORTH
O00700,C0213,2025-09-15 00:04:41,RETURNED,SOUTH
O00701,C0011,2026-03-03 00:04:41,SHIPPED,NORTH
O00702,C0499,2025-05-04 00:04:41,SHIPPED,NORTH
O00703,C0206,2026-04-15 00:04:41,PLACED,EAST
O00704,C0088,2024-07-12 00:00:00,RETURNED,WEST
O00705,C0396,2025-11-16 00:04:41,CANCELLED,NORTH
O00706,C0115,2025-02-20 00:04:41,DELIVERED,EAST
O00707,C0383,2024-12-20 00:04:41,SHIPPED,SOUTH
O00708,C0422,2026-07-03 00:04:41,SHIPPED,WEST
O00709,C0406,2025-06-02 00:04:41,SHIPPED,WEST
O00710,C0465,2026-03-28 00:04:41,CANCELLED,NORTH
O00711,C0006,2025-07-06 00:04:41,CANCELLED,SOUTH
O00712,C0366,2025-10-16 00:04:41,DELIVERED,NORTH
O00713,C0049,2024-10-01 00:04:41,SHIPPED,WEST
O00714,C0466,2026-04-21 00:04:41,RETURNED,NORTH
O00715,C0003,2026-05-05 00:04:41,CANCELLED,EAST
O00716,C0068,2026-04-03 00:00:00,SHIPPED,EAST
O00717,C0087,2025-07-22 00:04:41,SHIPPED,NORTH
O00718,C0163,2025-10-26 00:04:41,PLACED,EAST
O00719,C0023,2026-01-02 00:04:41,DELIVERED,EAST
O00720,C0475,2025-05-05 00:04:41,DELIVERED,EAST
O00721,C0224,2025-06-28 00:04:41,CANCELLED,SOUTH
O00722,C0285,2026-06-13 00:04:41,CANCELLED,NORTH
O00723,C0097,2025-04-01 00:04:41,CANCELLED,EAST
O00724,C0084,2025-10-29 00:04:41,CANCELLED,NORTH
O00725,C0227,2026-08-05 00:04:41,CANCELLED,WEST
O00726,C0058,2025-01-07 00:04:41,PLACED,SOUTH
O00727,C0445,2025-01-28 00:04:41,DELIVERED,SOUTH
O00728,C0299,2024-08-13 00:04:41,RETURNED,SOUTH
O00729,C0214,2025-04-18 00:04:41,PLACED,EAST
O00730,C0014,2026-07-06 00:04:41,DELIVERED,NORTH
O00731,C0429,2024-09-07 00:04:41,CANCELLED,WEST
O00732,C0322,2026-04-09 00:04:41,DELIVERED,NORTH
O00733,C0336,2025-11-15 00:04:41,RETURNED,SOUTH
O00734,C0109,2026-05-30 00:04:41,PLACED,NORTH
O00735,C0281,2025-09-03 00:04:41,DELIVERED,SOUTH
O00736,C0123,2025-09-21 00:04:41,SHIPPED,SOUTH
O00737,C0199,2025-05-27 00:04:41,SHIPPED,NORTH
O00738,C0153,2025-10-25 00:04:41,DELIVERED,SOUTH
O00739,C0184,2025-08-20 00:04:41,CANCELLED,WEST
O00740,C0454,2025-05-10 00:04:41,CANCELLED,NORTH
O00741,C0388,2025-08-21 00:04:41,CANCELLED,WEST
O00742,UNKNOWN,2025-07-24 00:04:41,SHIPPED,SOUTH
O00743,C0477,2026-05-15 00:04:41,PLACED,EAST
O00744,C0240,2025-12-11 00:04:41,SHIPPED,EAST
O00745,C0431,2025-10-20 00:04:41,PLACED,NORTH
O00746,UNKNOWN,2024-11-27 00:04:41,CANCELLED,NORTH
O00747,C0238,2026-03-14 00:04:41,DELIVERED,EAST
O00748,C0300,2026-06-01 00:00:00,CANCELLED,SOUTH
O00749,C0403,2025-09-15 00:00:00,CANCELLED,EAST
O00750,C0161,2025-11-17 00:04:41,CANCELLED,EAST
O00751,C0175,2025-02-16 00:04:41,PLACED,EAST
O00752,C0447,2025-10-27 00:04:41,PLACED,WEST
O00753,UNKNOWN,2026-06-11 00:04:41,CANCELLED,WEST
O00754,C0156,2026-05-02 00:04:41,CANCELLED,EAST
O00755,C0045,2024-08-23 00:04:41,PLACED,SOUTH
O00756,UNKNOWN,2025-12-14 00:04:41,SHIPPED,WEST
O00757,C0432,2026-02-11 00:04:41,DELIVERED,WEST
O00758,C0076,2024-08-31 00:04:41,SHIPPED,WEST
O00759,C0494,2024-08-29 00:04:41,RETURNED,SOUTH
O00760,C0104,2025-09-14 00:04:41,PLACED,NORTH
O00761,C0323,2025-10-25 00:04:41,CANCELLED,EAST
O00762,C0019,2025-12-19 00:04:41,RETURNED,WEST
O00763,C0119,2026-01-31 00:00:00,RETURNED,EAST
O00764,C0284,2026-06-03 00:04:41,CANCELLED,NORTH
O00765,C0254,2026-06-01 00:04:41,CANCELLED,NORTH
O00766,C0083,2025-02-21 00:04:41,CANCELLED,SOUTH
O00767,C0260,2026-07-11 00:04:41,RETURNED,WEST
O00768,C0068,2026-08-07 00:04:41,CANCELLED,EAST
O00769,C0408,2025-01-21 00:04:41,DELIVERED,NORTH
O00770,C0342,2025-02-02 00:04:41,RETURNED,WEST
O00771,C0052,2025-12-27 00:04:41,SHIPPED,NORTH
O00772,C0010,2025-05-03 00:04:41,SHIPPED,SOUTH
O00773,C0424,2026-06-01 00:00:00,PLACED,EAST
O00774,C0221,2025-03-29 00:04:41,SHIPPED,WEST
O00775,C0133,2025-08-07 00:04:41,RETURNED,EAST
O00776,C0459,2026-07-16 00:04:41,RETURNED,NORTH
O00777,C0362,2025-10-31 00:04:41,PLACED,NORTH
O00778,C0401,2024-11-21 00:04:41,PLACED,NORTH
O00779,C0086,2025-03-07 00:04:41,SHIPPED,EAST
O00780,C0363,2026-01-09 00:04:41,PLACED,SOUTH
O00781,C0332,2024-12-28 00:04:41,SHIPPED,WEST
O00782,C0497,2024-08-15 00:04:41,CANCELLED,EAST
O00783,C0147,2024-11-04 00:04:41,CANCELLED,EAST
O00784,C0323,2025-01-11 00:04:41,RETURNED,WEST
O00785,C0404,2025-10-22 00:04:41,CANCELLED,WEST
O00786,C0488,2026-07-08 00:04:41,PLACED,WEST
O00787,C0075,2026-01-20 00:04:41,PLACED,EAST
O00788,C0162,2025-01-24 00:04:41,CANCELLED,NORTH
O00789,C0339,2025-01-10 00:04:41,PLACED,EAST
O00790,C0215,2026-07-07 00:04:41,DELIVERED,EAST
O00791,C0466,2025-05-22 00:04:41,RETURNED,SOUTH
O00792,C0359,2026-05-30 00:04:41,RETURNED,WEST
O00793,C0358,2026-06-04 00:04:41,SHIPPED,EAST
O00794,UNKNOWN,2025-07-17 00:04:41,SHIPPED,EAST
O00795,C0110,2026-02-25 00:04:41,DELIVERED,SOUTH
O00796,UNKNOWN,2026-02-12 00:04:41,SHIPPED,EAST
O00797,C0372,2026-01-08 00:04:41,PLACED,EAST
O00798,C0133,2025-08-06 00:04:41,PLACED,WEST
O00799,C0153,2024-08-14 00:04:41,SHIPPED,SOUTH
O00800,C0180,2026-06-22 00:04:41,RETURNED,SOUTH
O00801,C0366,2025-04-19 00:04:41,RETURNED,SOUTH
O00802,C0422,2025-11-17 00:04:41,CANCELLED,WEST
O00803,C0042,2025-10-18 00:04:41,CANCELLED,SOUTH
O00804,C0229,2026-07-03 00:04:41,RETURNED,WEST
O00805,C0447,2026-01-01 00:04:41,CANCELLED,WEST
O00806,C0375,2025-01-22 00:04:41,SHIPPED,WEST
O00807,C0365,2026-07-31 00:04:41,RETURNED,NORTH
O00808,C0356,2025-06-12 00:00:00,SHIPPED,EAST
O00809,C0472,2026-04-17 00:04:41,PLACED,NORTH
O00810,C0190,2024-09-19 00:04:41,PLACED,EAST
O00811,C0157,2025-06-15 00:04:41,PLACED,SOUTH
O00812,C0073,2025-10-14 00:00:00,DELIVERED,EAST
O00813,C0111,2025-12-22 00:00:00,RETURNED,EAST
O00814,C0035,2025-10-10 00:04:41,DELIVERED,WEST
O00815,C0461,2025-08-30 00:04:41,RETURNED,SOUTH
O00816,C0391,2026-05-22 00:04:41,CANCELLED,WEST
O00817,C0077,2025-07-08 00:04:41,RETURNED,WEST
O00818,C0199,2025-09-17 00:04:41,PLACED,WEST
O00819,C0377,2024-11-07 00:04:41,PLACED,EAST
O00820,C0288,2026-05-30 00:04:41,SHIPPED,NORTH
O00821,C0491,2025-02-18 00:04:41,RETURNED,NORTH
O00822,C0062,2026-02-04 00:04:41,PLACED,EAST
O00823,C0403,2026-08-01 00:04:41,RETURNED,WEST
O00824,C0044,2026-04-22 00:04:41,RETURNED,NORTH
O00825,C0252,2024-09-01 00:04:41,SHIPPED,WEST
O00826,C0013,2025-06-29 00:04:41,PLACED,NORTH
O00827,C0051,2025-05-28 00:04:41,DELIVERED,NORTH
O00828,C0079,2025-09-30 00:04:41,PLACED,EAST
O00829,UNKNOWN,2024-10-07 00:04:41,PLACED,EAST
O00830,C0073,2025-07-06 00:04:41,PLACED,NORTH
O00831,C0104,2026-04-12 00:04:41,CANCELLED,WEST
O00832,C0487,2024-10-10 00:04:41,RETURNED,WEST
O00833,C0034,2025-09-30 00:04:41,PLACED,EAST
O00834,C0284,2026-07-01 00:04:41,RETURNED,SOUTH
O00835,C0156,2025-11-08 00:04:41,RETURNED,SOUTH
O00836,C0401,2025-08-26 00:04:41,SHIPPED,SOUTH
O00837,C0276,2026-02-28 00:04:41,PLACED,WEST
O00838,C0493,2025-06-01 00:04:41,SHIPPED,NORTH
O00839,C0031,2025-12-15 00:04:41,DELIVERED,WEST
O00840,C0180,2025-03-14 00:04:41,RETURNED,EAST
O00841,C0024,2026-02-06 00:04:41,DELIVERED,NORTH
O00842,C0203,2024-12-30 00:04:41,DELIVERED,WEST
O00843,C0108,2025-06-30 00:04:41,DELIVERED,EAST
O00844,C0386,2025-05-15 00:04:41,DELIVERED,EAST
O00845,C0108,2026-04-14 00:04:41,SHIPPED,NORTH
O00846,C0312,2024-08-18 00:04:41,CANCELLED,WEST
O00847,C0391,2024-10-31 00:04:41,PLACED,NORTH
O00848,C0457,2026-06-27 00:04:41,PLACED,EAST
O00849,C0498,2026-04-16 00:04:41,SHIPPED,NORTH
O00850,C0064,2025-02-22 00:04:41,SHIPPED,NORTH
O00851,C0389,2026-08-05 00:04:41,PLACED,EAST
O00852,C0414,2025-04-05 00:04:41,DELIVERED,NORTH
O00853,C0144,2026-07-30 00:04:41,SHIPPED,NORTH
O00854,C0101,2026-05-24 00:04:41,DELIVERED,WEST
O00855,C0088,2026-06-15 00:04:41,RETURNED,SOUTH
O00856,C0034,2024-10-14 00:04:41,RETURNED,SOUTH
O00857,C0452,2025-05-16 00:04:41,PLACED,EAST
O00858,C0349,2025-11-16 00:00:00,CANCELLED,NORTH
O00859,C0438,2025-10-25 00:04:41,CANCELLED,EAST
O00860,C0063,2025-11-29 00:04:41,RETURNED,NORTH
O00861,C0453,2024-09-26 00:04:41,CANCELLED,WEST
O00862,UNKNOWN,2025-02-24 00:04:41,RETURNED,NORTH
O00863,C0378,2026-07-16 00:04:41,PLACED,SOUTH
O00864,C0101,2025-06-23 00:04:41,PLACED,NORTH
O00865,C0246,2024-09-02 00:04:41,DELIVERED,EAST
O00866,C0127,2025-04-10 00:04:41,PLACED,EAST
O00867,C0267,2024-10-22 00:04:41,RETURNED,WEST
O00868,C0392,2025-11-09 00:04:41,PLACED,NORTH
O00869,UNKNOWN,2025-06-25 00:04:41,PLACED,SOUTH
O00870,C0032,2025-11-04 00:04:41,RETURNED,WEST
O00871,C0034,2024-10-05 00:04:41,DELIVERED,WEST
O00872,C0206,2025-10-03 00:04:41,RETURNED,NORTH
O00873,C0233,2025-10-21 00:04:41,RETURNED,NORTH
O00874,C0174,2026-07-01 00:04:41,CANCELLED,EAST
O00875,C0301,2024-11-22 00:00:00,PLACED,SOUTH
O00876,C0464,2026-05-23 00:04:41,DELIVERED,WEST
O00877,C0247,2025-11-07 00:04:41,SHIPPED,NORTH
O00878,C0031,2026-03-30 00:04:41,DELIVERED,EAST
O00879,C0299,2025-01-05 00:04:41,DELIVERED,EAST
O00880,C0150,2024-08-17 00:04:41,SHIPPED,NORTH
O00881,C0122,2026-03-04 00:04:41,CANCELLED,EAST
O00882,C0101,2026-05-26 00:04:41,PLACED,EAST
O00883,C0097,2026-07-21 00:04:41,CANCELLED,EAST
O00884,C0437,2025-07-18 00:04:41,CANCELLED,EAST
O00885,C0084,2024-09-21 00:04:41,PLACED,SOUTH
O00886,C0355,2026-05-09 00:04:41,CANCELLED,EAST
O00887,C0414,2025-03-07 00:04:41,PLACED,EAST
O00888,C0006,2024-09-08 00:04:41,SHIPPED,EAST
O00889,C0226,2026-03-31 00:04:41,DELIVERED,NORTH
O00890,UNKNOWN,2025-02-27 00:04:41,SHIPPED,EAST
O00891,C0369,2026-02-27 00:04:41,SHIPPED,NORTH
O00892,C0091,2024-11-20 00:00:00,SHIPPED,WEST
O00893,C0336,2024-11-30 00:04:41,SHIPPED,EAST
O00894,C0234,2025-08-25 00:04:41,RETURNED,WEST
O00895,C0450,2024-12-08 00:04:41,SHIPPED,SOUTH
O00896,C0099,2026-07-21 00:04:41,RETURNED,WEST
O00897,C0326,2024-09-25 00:04:41,RETURNED,SOUTH
O00898,C0438,2025-01-08 00:04:41,PLACED,EAST
O00899,C0447,2026-01-11 00:04:41,CANCELLED,SOUTH
O00900,C0373,2025-12-03 00:04:41,RETURNED,NORTH
O00901,C0086,2026-05-31 00:04:41,DELIVERED,WEST
O00902,C0266,2025-07-04 00:04:41,RETURNED,WEST
O00903,C0367,2025-12-07 00:04:41,CANCELLED,NORTH
O00904,C0107,2025-03-04 00:04:41,SHIPPED,WEST
O00905,C0112,2025-08-30 00:04:41,DELIVERED,EAST
O00906,C0282,2024-11-03 00:04:41,RETURNED,EAST
O00907,C0118,2025-11-28 00:04:41,DELIVERED,WEST
O00908,C0231,2025-10-01 00:04:41,CANCELLED,EAST
O00909,C0140,2025-02-08 00:04:41,DELIVERED,NORTH
O00910,C0184,2025-06-06 00:04:41,RETURNED,NORTH
O00911,C0403,2025-03-30 00:04:41,PLACED,EAST
O00912,C0020,2025-07-16 00:04:41,DELIVERED,EAST
O00913,C0155,2026-07-09 00:04:41,SHIPPED,SOUTH
O00914,C0438,2026-02-16 00:04:41,PLACED,EAST
O00915,C0145,2025-09-26 00:04:41,RETURNED,NORTH
O00916,C0242,2025-01-08 00:04:41,SHIPPED,SOUTH
O00917,C0371,2025-12-07 00:04:41,RETURNED,WEST
O00918,C0370,2025-07-23 00:04:41,DELIVERED,SOUTH
O00919,C0220,2026-07-24 00:04:41,CANCELLED,WEST
O00920,C0437,2025-08-27 00:04:41,SHIPPED,EAST
O00921,C0483,2026-01-02 00:04:41,DELIVERED,EAST
O00922,C0116,2026-07-12 00:04:41,RETURNED,EAST
O00923,C0167,2026-03-13 00:04:41,SHIPPED,SOUTH
O00924,C0488,2026-03-13 00:04:41,RETURNED,WEST
O00925,C0196,2025-09-13 00:04:41,CANCELLED,SOUTH
O00926,C0244,2026-03-15 00:04:41,DELIVERED,NORTH
O00927,C0088,2026-02-26 00:04:41,RETURNED,WEST
O00928,C0014,2024-10-19 00:04:41,CANCELLED,EAST
O00929,C0106,2026-06-15 00:04:41,CANCELLED,NORTH
O00930,C0189,2025-01-31 00:04:41,CANCELLED,WEST
O00931,C0081,2024-12-19 00:04:41,CANCELLED,NORTH
O00932,C0200,2025-03-08 00:04:41,SHIPPED,EAST
O00933,C0222,2026-06-20 00:04:41,RETURNED,EAST
O00934,C0301,2026-07-11 00:04:41,SHIPPED,NORTH
O00935,C0074,2025-09-21 00:04:41,SHIPPED,EAST
O00936,C0467,2025-12-24 00:04:41,RETURNED,NORTH
O00937,C0378,2026-06-01 00:04:41,CANCELLED,EAST
O00938,C0359,2025-06-09 00:04:41,SHIPPED,WEST
O00939,C0128,2026-05-03 00:04:41,CANCELLED,WEST
O00940,C0467,2026-07-25 00:04:41,CANCELLED,NORTH
O00941,C0123,2025-01-17 00:04:41,RETURNED,EAST
O00942,C0342,2026-07-24 00:04:41,SHIPPED,WEST
O00943,C0211,2026-02-26 00:04:41,DELIVERED,NORTH
O00944,C0387,2025-07-08 00:04:41,SHIPPED,EAST
O00945,C0107,2025-11-25 00:00:00,CANCELLED,WEST
O00946,C0176,2025-02-24 00:04:41,PLACED,EAST
O00947,C0059,2024-12-26 00:04:41,CANCELLED,WEST
O00948,C0237,2026-02-21 00:04:41,CANCELLED,SOUTH
O00949,C0242,2025-01-21 00:04:41,PLACED,NORTH
O00950,C0091,2026-02-07 00:04:41,SHIPPED,NORTH
O00951,C0344,2026-07-03 00:04:41,CANCELLED,EAST
O00952,C0092,2024-09-13 00:04:41,RETURNED,SOUTH
O00953,C0227,2026-05-21 00:04:41,PLACED,WEST
O00954,C0354,2024-10-01 00:04:41,PLACED,WEST
O00955,C0393,2025-04-21 00:04:41,SHIPPED,SOUTH
O00956,UNKNOWN,2024-09-06 00:04:41,DELIVERED,SOUTH
O00957,C0349,2025-03-22 00:04:41,PLACED,SOUTH
O00958,C0371,2025-10-08 00:04:41,DELIVERED,EAST
O00959,C0288,2026-05-10 00:04:41,RETURNED,WEST
O00960,C0481,2025-04-03 00:04:41,DELIVERED,EAST
O00961,UNKNOWN,2026-06-09 00:04:41,CANCELLED,SOUTH
O00962,C0235,2026-06-13 00:04:41,RETURNED,EAST
O00963,C0023,2025-03-20 00:04:41,RETURNED,WEST
O00964,C0053,2026-03-14 00:04:41,PLACED,EAST
O00965,C0324,2026-07-04 00:04:41,SHIPPED,EAST
O00966,C0090,2026-07-14 00:04:41,CANCELLED,NORTH
O00967,UNKNOWN,2026-03-31 00:04:41,RETURNED,SOUTH
O00968,C0258,2024-08-22 00:04:41,RETURNED,NORTH
O00969,C0159,2025-10-21 00:04:41,RETURNED,NORTH
O00970,C0031,2026-01-01 00:04:41,SHIPPED,WEST
O00971,C0105,2025-04-09 00:04:41,RETURNED,WEST
O00972,C0379,2024-12-24 00:04:41,PLACED,WEST
O00973,C0332,2024-09-02 00:04:41,DELIVERED,EAST
O00974,C0125,2024-10-03 00:04:41,SHIPPED,SOUTH
O00975,C0312,2026-01-24 00:04:41,CANCELLED,NORTH
O00976,C0034,2024-10-19 00:04:41,PLACED,SOUTH
O00977,C0481,2024-11-10 00:04:41,RETURNED,SOUTH
O00978,C0121,2025-10-19 00:04:41,DELIVERED,SOUTH
O00979,C0370,2025-10-17 00:04:41,SHIPPED,EAST
O00980,C0147,2026-05-21 00:04:41,CANCELLED,NORTH
O00981,C0487,2025-09-20 00:04:41,CANCELLED,WEST
O00982,C0217,2025-10-26 00:04:41,CANCELLED,NORTH
O00983,C0391,2024-11-02 00:04:41,DELIVERED,SOUTH
O00984,C0284,2025-04-29 00:04:41,DELIVERED,WEST
O00985,C0146,2026-04-21 00:04:41,DELIVERED,SOUTH
O00986,C0367,2025-01-14 00:04:41,PLACED,NORTH
O00987,C0442,2025-08-27 00:04:41,CANCELLED,WEST
O00988,C0497,2025-09-06 00:04:41,RETURNED,NORTH
O00989,C0210,2024-12-14 00:04:41,RETURNED,SOUTH
O00990,C0100,2025-04-27 00:04:41,DELIVERED,WEST
O00991,C0326,2026-07-23 00:04:41,CANCELLED,WEST
O00992,C0377,2025-11-12 00:00:00,DELIVERED,NORTH
O00993,C0358,2025-01-07 00:04:41,CANCELLED,SOUTH
O00994,C0131,2026-03-24 00:04:41,SHIPPED,NORTH
O00995,C0060,2026-05-30 00:04:41,CANCELLED,WEST
O00996,C0362,2024-10-30 00:04:41,SHIPPED,WEST
O00997,C0085,2025-04-24 00:04:41,RETURNED,WEST
O00998,C0301,2025-10-04 00:04:41,PLACED,NORTH
O00999,C0326,2025-07-27 00:04:41,DELIVERED,SOUTH
O01000,C0477,2026-07-25 00:04:41,SHIPPED,WEST
O01001,C0001,2026-07-23 00:04:41,CANCELLED,EAST
O01002,C0376,2025-02-05 00:04:41,SHIPPED,SOUTH
O01003,C0250,2024-11-29 00:04:41,SHIPPED,SOUTH
O01004,C0103,2025-02-12 00:04:41,SHIPPED,EAST
O01005,C0462,2025-11-03 00:04:41,RETURNED,NORTH
O01006,C0445,2024-10-29 00:04:41,CANCELLED,NORTH
O01007,C0142,2024-09-08 00:04:41,CANCELLED,WEST
O01008,C0345,2024-08-18 00:04:41,PLACED,NORTH
O01009,C0050,2024-08-16 00:04:41,RETURNED,EAST
O01010,C0478,2025-07-20 00:04:41,DELIVERED,EAST
O01011,C0350,2025-06-27 00:04:41,DELIVERED,WEST
O01012,C0194,2025-08-08 00:04:41,PLACED,NORTH
O01013,C0234,2025-09-24 00:04:41,SHIPPED,NORTH
O01014,C0309,2026-02-03 00:04:41,SHIPPED,EAST
O01015,C0232,2026-06-14 00:04:41,RETURNED,WEST
O01016,C0339,2026-05-24 00:04:41,DELIVERED,NORTH
O01017,C0325,2024-09-24 00:04:41,DELIVERED,WEST
O01018,C0120,2025-09-22 00:04:41,PLACED,EAST
O01019,C0220,2025-12-09 00:04:41,PLACED,WEST
O01020,C0151,2026-08-08 00:04:41,RETURNED,NORTH
O01021,C0066,2024-11-06 00:04:41,RETURNED,WEST
O01022,C0087,2024-12-05 00:04:41,RETURNED,SOUTH
O01023,C0125,2026-06-15 00:04:41,PLACED,WEST
O01024,UNKNOWN,2025-07-09 00:04:41,DELIVERED,SOUTH
O01025,C0369,2025-12-09 00:04:41,PLACED,SOUTH
O01026,C0473,2025-12-25 00:04:41,DELIVERED,SOUTH
O01027,C0478,2026-04-16 00:04:41,DELIVERED,WEST
O01028,C0467,2025-09-03 00:04:41,RETURNED,WEST
O01029,C0414,2025-05-01 00:04:41,PLACED,NORTH
O01030,C0046,2026-04-07 00:04:41,PLACED,EAST
O01031,C0066,2025-09-02 00:04:41,PLACED,EAST
O01032,C0032,2025-02-19 00:04:41,CANCELLED,EAST
O01033,C0395,2026-07-05 00:04:41,SHIPPED,SOUTH
O01034,C0055,2026-02-11 00:04:41,DELIVERED,SOUTH
O01035,C0418,2025-03-21 00:04:41,CANCELLED,SOUTH
O01036,C0308,2026-06-21 00:04:41,PLACED,EAST
O01037,C0159,2026-07-15 00:04:41,RETURNED,WEST
O01038,C0324,2025-12-28 00:04:41,CANCELLED,NORTH
O01039,C0415,2025-03-12 00:04:41,SHIPPED,NORTH
O01040,C0473,2025-02-08 00:04:41,CANCELLED,EAST
O01041,C0418,2025-01-19 00:04:41,RETURNED,WEST
O01042,C0173,2025-12-06 00:04:41,CANCELLED,WEST
O01043,C0037,2025-05-25 00:04:41,SHIPPED,WEST
O01044,C0050,2026-03-26 00:04:41,PLACED,EAST
O01045,C0235,2026-03-23 00:04:41,CANCELLED,EAST
O01046,C0460,2025-03-20 00:04:41,SHIPPED,NORTH
O01047,C0186,2026-03-21 00:04:41,SHIPPED,WEST
O01048,C0487,2026-07-05 00:04:41,PLACED,NORTH
O01049,C0183,2025-02-08 00:04:41,PLACED,EAST
O01050,C0304,2025-01-08 00:04:41,CANCELLED,SOUTH
O01051,C0018,2025-09-19 00:04:41,RETURNED,SOUTH
O01052,C0335,2026-07-18 00:04:41,PLACED,WEST
O01053,C0443,2025-09-04 00:04:41,CANCELLED,EAST
O01054,C0006,2024-11-01 00:04:41,RETURNED,SOUTH
O01055,C0012,2026-03-18 00:04:41,PLACED,SOUTH
O01056,C0197,2026-05-31 00:04:41,DELIVERED,SOUTH
O01057,C0051,2026-08-09 00:04:41,RETURNED,SOUTH
O01058,C0208,2024-08-29 00:04:41,RETURNED,WEST
O01059,C0033,2026-03-30 00:04:41,PLACED,SOUTH
O01060,C0495,2024-12-07 00:04:41,RETURNED,SOUTH
O01061,C0003,2025-06-26 00:04:41,SHIPPED,SOUTH
O01062,C0335,2026-03-07 00:04:41,PLACED,NORTH
O01063,C0064,2025-08-16 00:04:41,SHIPPED,WEST
O01064,C0484,2025-04-20 00:04:41,RETURNED,EAST
O01065,C0338,2024-12-30 00:04:41,DELIVERED,EAST
O01066,C0311,2025-03-11 00:04:41,PLACED,SOUTH
O01067,C0019,2025-06-11 00:04:41,SHIPPED,SOUTH
O01068,C0309,2026-04-06 00:04:41,SHIPPED,WEST
O01069,C0039,2025-05-02 00:04:41,SHIPPED,WEST
O01070,C0234,2025-04-26 00:04:41,SHIPPED,SOUTH
O01071,C0037,2025-05-11 00:04:41,SHIPPED,EAST
O01072,C0289,2026-01-14 00:04:41,CANCELLED,SOUTH
O01073,C0162,2025-10-27 00:04:41,RETURNED,SOUTH
O01074,C0040,2026-02-04 00:04:41,RETURNED,WEST
O01075,C0034,2024-11-08 00:04:41,DELIVERED,EAST
O01076,C0075,2025-03-28 00:04:41,PLACED,WEST
O01077,C0497,2024-11-24 00:04:41,PLACED,SOUTH
O01078,C0270,2025-06-18 00:04:41,CANCELLED,NORTH
O01079,C0271,2026-03-17 00:04:41,RETURNED,EAST
O01080,C0312,2024-09-27 00:04:41,CANCELLED,SOUTH
O01081,C0177,2026-07-04 00:04:41,RETURNED,WEST
O01082,C0245,2025-01-05 00:00:00,RETURNED,SOUTH
O01083,C0337,2025-08-31 00:04:41,DELIVERED,NORTH
O01084,C0471,2025-08-23 00:04:41,SHIPPED,WEST
O01085,C0362,2025-11-01 00:04:41,CANCELLED,EAST
O01086,C0142,2026-01-24 00:04:41,SHIPPED,EAST
O01087,C0326,2025-06-17 00:04:41,DELIVERED,NORTH
O01088,C0325,2025-04-11 00:04:41,SHIPPED,NORTH
O01089,C0044,2026-02-27 00:04:41,PLACED,WEST
O01090,C0347,2024-12-26 00:04:41,RETURNED,NORTH
O01091,UNKNOWN,2025-02-19 00:04:41,PLACED,WEST
O01092,C0360,2025-07-28 00:04:41,RETURNED,NORTH
O01093,C0311,2025-01-28 00:04:41,RETURNED,SOUTH
O01094,C0090,2024-12-23 00:04:41,PLACED,WEST
O01095,C0254,2025-08-26 00:04:41,DELIVERED,SOUTH
O01096,C0426,2024-12-07 00:04:41,CANCELLED,EAST
O01097,C0136,2026-05-17 00:04:41,SHIPPED,EAST
O01098,C0476,2026-05-29 00:04:41,PLACED,WEST
O01099,C0457,2025-12-21 00:04:41,PLACED,WEST
O01100,C0169,2024-11-26 00:00:00,SHIPPED,WEST
O01101,UNKNOWN,2025-10-24 00:04:41,PLACED,SOUTH
O01102,C0211,2025-12-21 00:00:00,DELIVERED,SOUTH
O01103,C0241,2025-06-11 00:04:41,SHIPPED,EAST
O01104,C0056,2026-06-12 00:04:41,SHIPPED,SOUTH
O01105,C0182,2024-08-14 00:04:41,SHIPPED,NORTH
O01106,C0098,2024-12-23 00:04:41,DELIVERED,NORTH
O01107,C0083,2025-12-12 00:04:41,DELIVERED,NORTH
O01108,C0216,2025-12-29 00:04:41,SHIPPED,EAST
O01109,C0385,2025-09-22 00:04:41,CANCELLED,SOUTH
O01110,C0057,2024-08-30 00:04:41,DELIVERED,NORTH
O01111,C0393,2024-10-01 00:04:41,DELIVERED,WEST
O01112,C0500,2024-08-17 00:04:41,DELIVERED,EAST
O01113,C0249,2025-10-22 00:04:41,SHIPPED,SOUTH
O01114,C0128,2024-12-04 00:04:41,SHIPPED,WEST
O01115,C0102,2024-11-22 00:04:41,RETURNED,SOUTH
O01116,C0097,2026-04-06 00:04:41,SHIPPED,SOUTH
O01117,C0062,2024-09-17 00:04:41,SHIPPED,SOUTH
O01118,UNKNOWN,2025-03-01 00:04:41,PLACED,WEST
O01119,C0209,2026-07-26 00:04:41,SHIPPED,SOUTH
O01120,C0173,2024-10-10 00:04:41,PLACED,EAST
O01121,C0057,2025-05-23 00:04:41,CANCELLED,SOUTH
O01122,C0164,2025-11-02 00:00:00,PLACED,EAST
O01123,C0109,2025-05-22 00:04:41,PLACED,WEST
O01124,C0095,2025-12-25 00:04:41,DELIVERED,NORTH
O01125,C0050,2026-07-09 00:04:41,SHIPPED,EAST
O01126,C0185,2025-08-14 00:04:41,RETURNED,EAST
O01127,C0122,2025-03-12 00:04:41,PLACED,NORTH
O01128,C0067,2026-04-17 00:04:41,RETURNED,SOUTH
O01129,C0099,2024-11-18 00:04:41,RETURNED,EAST
O01130,C0155,2025-03-03 00:04:41,SHIPPED,NORTH
O01131,C0066,2026-02-23 00:04:41,RETURNED,EAST
O01132,C0459,2026-05-15 00:04:41,CANCELLED,NORTH
O01133,C0248,2026-01-06 00:04:41,SHIPPED,EAST
O01134,C0357,2025-01-06 00:00:00,RETURNED,NORTH
O01135,C0407,2025-02-19 00:04:41,CANCELLED,WEST
O01136,C0351,2026-01-16 00:04:41,SHIPPED,WEST
O01137,C0385,2026-03-07 00:04:41,CANCELLED,EAST
O01138,C0106,2025-01-19 00:04:41,RETURNED,NORTH
O01139,C0451,2026-01-16 00:04:41,RETURNED,EAST
O01140,C0156,2025-06-08 00:04:41,RETURNED,NORTH
O01141,C0088,2026-02-06 00:04:41,PLACED,SOUTH
O01142,C0483,2024-12-23 00:04:41,PLACED,SOUTH
O01143,C0422,2024-05-12 00:00:00,DELIVERED,EAST
O01144,C0167,2026-08-01 00:04:41,DELIVERED,SOUTH
O01145,C0210,2025-06-06 00:04:41,PLACED,NORTH
O01146,C0422,2025-05-22 00:04:41,PLACED,NORTH
O01147,C0370,2025-09-04 00:04:41,DELIVERED,SOUTH
O01148,C0419,2025-07-07 00:04:41,RETURNED,WEST
O01149,C0080,2025-10-27 00:04:41,CANCELLED,NORTH
O01150,C0254,2025-02-14 00:04:41,SHIPPED,SOUTH
O01151,C0292,2025-02-09 00:04:41,PLACED,EAST
O01152,C0084,2025-09-16 00:04:41,SHIPPED,NORTH
O01153,C0074,2025-04-17 00:04:41,CANCELLED,NORTH
O01154,C0371,2024-08-21 00:04:41,CANCELLED,WEST
O01155,C0011,2024-08-22 00:04:41,PLACED,SOUTH
O01156,C0128,2025-05-10 00:04:41,RETURNED,NORTH
O01157,C0406,2024-11-25 00:04:41,DELIVERED,NORTH
O01158,C0104,2026-03-08 00:04:41,SHIPPED,EAST
O01159,C0170,2025-04-15 00:04:41,DELIVERED,NORTH
O01160,C0011,2024-11-22 00:04:41,PLACED,WEST
O01161,UNKNOWN,2025-03-26 00:00:00,CANCELLED,WEST
O01162,C0076,2025-05-29 00:04:41,CANCELLED,NORTH
O01163,C0252,2024-11-29 00:04:41,DELIVERED,EAST
O01164,C0040,2024-12-08 00:04:41,PLACED,NORTH
O01165,C0310,2025-10-21 00:04:41,RETURNED,SOUTH
O01166,C0348,2026-06-23 00:04:41,RETURNED,EAST
O01167,C0179,2025-05-13 00:04:41,DELIVERED,EAST
O01168,C0416,2024-10-26 00:04:41,SHIPPED,SOUTH
O01169,C0164,2025-11-09 00:04:41,CANCELLED,NORTH
O01170,C0058,2025-05-21 00:04:41,DELIVERED,SOUTH
O01171,C0094,2025-08-05 00:04:41,CANCELLED,WEST
O01172,C0356,2026-04-17 00:04:41,DELIVERED,SOUTH
O01173,C0411,2025-04-17 00:04:41,RETURNED,WEST
O01174,C0276,2026-02-05 00:04:41,SHIPPED,WEST
O01175,C0043,2025-10-14 00:04:41,SHIPPED,NORTH
O01176,C0121,2025-03-05 00:04:41,PLACED,EAST
O01177,C0286,2024-12-23 00:04:41,PLACED,EAST
O01178,C0185,2024-12-29 00:04:41,SHIPPED,WEST
O01179,C0125,2025-03-26 00:04:41,SHIPPED,NORTH
O01180,C0493,2025-01-02 00:04:41,PLACED,WEST
O01181,C0191,2024-11-25 00:04:41,PLACED,WEST
O01182,C0429,2025-01-17 00:00:00,DELIVERED,SOUTH
O01183,C0041,2024-08-21 00:04:41,CANCELLED,SOUTH
O01184,C0392,2024-12-30 00:04:41,DELIVERED,WEST
O01185,C0211,2025-11-06 00:04:41,PLACED,EAST
O01186,C0057,2026-05-28 00:00:00,SHIPPED,SOUTH
O01187,C0006,2025-10-16 00:04:41,CANCELLED,EAST
O01188,C0471,2025-06-18 00:04:41,CANCELLED,SOUTH
O01189,C0140,2026-01-25 00:04:41,SHIPPED,SOUTH
O01190,C0206,2025-03-21 00:04:41,RETURNED,NORTH
O01191,C0419,2025-12-10 00:04:41,CANCELLED,WEST
O01192,C0085,2025-08-24 00:04:41,SHIPPED,EAST
O01193,C0056,2025-08-15 00:04:41,DELIVERED,NORTH
O01194,C0123,2026-02-14 00:04:41,SHIPPED,NORTH
O01195,C0388,2025-02-17 00:04:41,PLACED,SOUTH
O01196,C0138,2026-03-15 00:04:41,RETURNED,WEST
O01197,UNKNOWN,2024-11-12 00:04:41,PLACED,EAST
O01198,C0385,2025-09-20 00:04:41,DELIVERED,WEST
O01199,C0372,2024-12-19 00:04:41,PLACED,EAST
O01200,C0209,2026-01-06 00:04:41,SHIPPED,NORTH
O01201,C0301,2025-12-10 00:04:41,PLACED,EAST
O01202,C0083,2025-11-26 00:04:41,PLACED,SOUTH
O01203,C0453,2026-07-07 00:04:41,SHIPPED,EAST
O01204,C0230,2025-07-22 00:04:41,RETURNED,WEST
O01205,C0021,2026-07-09 00:04:41,SHIPPED,NORTH
O01206,C0491,2026-05-13 00:04:41,PLACED,NORTH
O01207,C0074,2025-06-21 00:04:41,PLACED,WEST
O01208,C0049,2025-01-29 00:04:41,SHIPPED,NORTH
O01209,C0144,2025-08-05 00:04:41,SHIPPED,WEST
O01210,C0133,2025-04-28 00:04:41,CANCELLED,SOUTH
O01211,C0482,2026-03-14 00:04:41,DELIVERED,EAST
O01212,C0206,2026-05-05 00:04:41,SHIPPED,WEST
O01213,C0188,2026-05-10 00:04:41,DELIVERED,NORTH
O01214,C0350,2025-11-12 00:04:41,PLACED,NORTH
O01215,C0380,2026-07-26 00:04:41,PLACED,SOUTH
O01216,C0437,2025-08-28 00:04:41,CANCELLED,NORTH
O01217,C0115,2025-11-25 00:04:41,DELIVERED,WEST
O01218,C0240,2025-11-28 00:04:41,SHIPPED,NORTH
O01219,C0470,2025-09-19 00:04:41,SHIPPED,WEST
O01220,C0169,2025-07-25 00:04:41,CANCELLED,SOUTH
O01221,C0360,2024-12-04 00:04:41,PLACED,SOUTH
O01222,C0486,2026-05-26 00:04:41,RETURNED,NORTH
O01223,C0308,2024-10-11 00:04:41,DELIVERED,WEST
O01224,C0243,2025-03-13 00:04:41,CANCELLED,EAST
O01225,C0130,2024-11-02 00:04:41,DELIVERED,WEST
O01226,C0042,2026-08-08 00:04:41,CANCELLED,SOUTH
O01227,C0343,2025-02-13 00:04:41,PLACED,WEST
O01228,C0176,2025-06-09 00:04:41,DELIVERED,WEST
O01229,C0247,2026-07-15 00:04:41,CANCELLED,EAST
O01230,C0468,2025-09-11 00:04:41,RETURNED,SOUTH
O01231,C0040,2026-03-24 00:04:41,DELIVERED,EAST
O01232,C0008,2025-11-21 00:04:41,CANCELLED,EAST
O01233,C0059,2026-06-30 00:04:41,RETURNED,NORTH
O01234,C0231,2024-12-15 00:04:41,RETURNED,NORTH
O01235,C0019,2025-02-17 00:04:41,RETURNED,SOUTH
O01236,C0308,2025-07-31 00:04:41,SHIPPED,NORTH
O01237,C0190,2024-08-25 00:04:41,DELIVERED,NORTH
O01238,C0359,2025-11-18 00:04:41,DELIVERED,EAST
O01239,C0425,2026-01-26 00:04:41,DELIVERED,NORTH
O01240,C0475,2025-10-21 00:04:41,RETURNED,SOUTH
O01241,C0278,2025-05-27 00:04:41,CANCELLED,EAST
O01242,C0360,2024-11-18 00:04:41,PLACED,NORTH
O01243,UNKNOWN,2025-10-04 00:04:41,RETURNED,NORTH
O01244,C0325,2026-03-27 00:04:41,DELIVERED,WEST
O01245,C0109,2025-11-17 00:04:41,PLACED,SOUTH
O01246,C0439,2024-12-14 00:04:41,CANCELLED,WEST
O01247,C0465,2026-07-30 00:04:41,CANCELLED,NORTH
O01248,C0482,2025-03-26 00:04:41,DELIVERED,EAST
O01249,C0158,2025-10-07 00:04:41,PLACED,WEST
O01250,UNKNOWN,2025-01-13 00:04:41,RETURNED,EAST
O01251,C0172,2026-03-17 00:04:41,SHIPPED,WEST
O01252,C0099,2025-09-15 00:04:41,RETURNED,WEST
O01253,C0066,2025-09-12 00:04:41,SHIPPED,WEST
O01254,C0463,2025-01-18 00:04:41,PLACED,SOUTH
O01255,C0259,2026-03-22 00:04:41,DELIVERED,SOUTH
O01256,C0486,2024-11-12 00:04:41,CANCELLED,NORTH
O01257,C0322,2025-12-01 00:00:00,RETURNED,NORTH
O01258,C0293,2024-12-20 00:04:41,DELIVERED,SOUTH
O01259,C0123,2025-03-24 00:04:41,RETURNED,SOUTH
O01260,C0372,2025-08-31 00:04:41,PLACED,EAST
O01261,C0043,2026-05-13 00:00:00,RETURNED,NORTH
O01262,C0057,2026-04-11 00:04:41,SHIPPED,EAST
O01263,C0135,2024-11-12 00:04:41,DELIVERED,SOUTH
O01264,C0201,2024-08-31 00:04:41,CANCELLED,NORTH
O01265,C0108,2025-08-28 00:04:41,CANCELLED,SOUTH
O01266,C0093,2025-02-07 00:04:41,RETURNED,NORTH
O01267,C0061,2025-07-30 00:04:41,RETURNED,NORTH
O01268,C0082,2025-04-26 00:04:41,SHIPPED,NORTH
O01269,UNKNOWN,2026-01-15 00:04:41,SHIPPED,EAST
O01270,C0059,2024-09-08 00:04:41,SHIPPED,NORTH
O01271,C0373,2024-12-16 00:04:41,CANCELLED,SOUTH
O01272,C0489,2026-08-04 00:04:41,DELIVERED,WEST
O01273,C0382,2025-10-29 00:04:41,CANCELLED,SOUTH
O01274,C0129,2026-07-13 00:04:41,DELIVERED,WEST
O01275,C0053,2026-04-02 00:04:41,SHIPPED,WEST
O01276,C0222,2025-10-16 00:04:41,DELIVERED,EAST
O01277,C0319,2025-09-05 00:04:41,RETURNED,EAST
O01278,C0192,2024-10-13 00:04:41,PLACED,EAST
O01279,C0301,2026-04-19 00:04:41,RETURNED,EAST
O01280,UNKNOWN,2025-02-09 00:04:41,CANCELLED,SOUTH
O01281,C0184,2025-03-17 00:04:41,DELIVERED,SOUTH
O01282,C0400,2024-08-18 00:04:41,PLACED,EAST
O01283,C0110,2025-07-04 00:04:41,RETURNED,NORTH
O01284,C0198,2025-03-14 00:04:41,PLACED,EAST
O01285,C0367,2026-06-27 00:04:41,CANCELLED,WEST
O01286,C0163,2025-02-27 00:04:41,CANCELLED,WEST
O01287,C0024,2025-10-14 00:04:41,CANCELLED,SOUTH
O01288,C0308,2025-09-05 00:04:41,PLACED,EAST
O01289,C0010,2026-03-21 00:04:41,CANCELLED,EAST
O01290,C0068,2025-09-25 00:00:00,RETURNED,NORTH
O01291,C0173,2024-10-19 00:04:41,CANCELLED,EAST
O01292,C0141,2025-07-29 00:04:41,RETURNED,EAST
O01293,C0253,2025-09-15 00:04:41,CANCELLED,WEST
O01294,C0435,2024-12-11 00:04:41,RETURNED,NORTH
O01295,C0015,2024-08-19 00:04:41,DELIVERED,WEST
O01296,C0116,2025-02-20 00:04:41,DELIVERED,NORTH
O01297,C0479,2024-10-01 00:04:41,PLACED,NORTH
O01298,C0025,2024-10-24 00:04:41,RETURNED,WEST
O01299,C0139,2024-12-28 00:04:41,PLACED,SOUTH
O01300,C0164,2026-03-30 00:04:41,CANCELLED,WEST
O01301,C0343,2026-01-31 00:04:41,CANCELLED,WEST
O01302,C0500,2025-12-16 00:04:41,DELIVERED,EAST
O01303,C0365,2026-03-03 00:04:41,SHIPPED,SOUTH
O01304,C0356,2025-12-28 00:04:41,PLACED,SOUTH
O01305,C0240,2025-02-17 00:04:41,DELIVERED,SOUTH
O01306,C0417,2026-01-31 00:04:41,DELIVERED,EAST
O01307,C0363,2025-01-13 00:04:41,PLACED,SOUTH
O01308,C0113,2025-09-07 00:04:41,RETURNED,SOUTH
O01309,C0400,2024-10-18 00:04:41,SHIPPED,EAST
O01310,C0488,2026-06-03 00:04:41,CANCELLED,NORTH
O01311,C0382,2024-08-25 00:04:41,SHIPPED,EAST
O01312,C0015,2026-02-03 00:04:41,DELIVERED,NORTH
O01313,C0475,2025-08-06 00:04:41,SHIPPED,WEST
O01314,C0258,2025-07-16 00:04:41,DELIVERED,EAST
O01315,UNKNOWN,2025-09-04 00:04:41,CANCELLED,SOUTH
O01316,C0151,2025-02-05 00:04:41,RETURNED,WEST
O01317,C0266,2026-07-07 00:00:00,SHIPPED,NORTH
O01318,C0113,2024-09-14 00:04:41,SHIPPED,NORTH
O01319,C0273,2025-03-28 00:04:41,CANCELLED,WEST
O01320,C0202,2026-07-18 00:04:41,SHIPPED,SOUTH
O01321,C0403,2026-05-23 00:04:41,RETURNED,EAST
O01322,UNKNOWN,2025-02-14 00:04:41,RETURNED,WEST
O01323,C0379,2026-07-14 00:04:41,DELIVERED,NORTH
O01324,C0086,2025-11-18 00:04:41,PLACED,WEST
O01325,C0220,2025-02-06 00:04:41,PLACED,SOUTH
O01326,C0348,2024-08-18 00:04:41,CANCELLED,NORTH
O01327,C0251,2025-12-05 00:04:41,PLACED,EAST
O01328,C0428,2026-01-06 00:04:41,SHIPPED,NORTH
O01329,C0052,2025-07-18 00:04:41,DELIVERED,EAST
O01330,C0340,2025-08-17 00:04:41,DELIVERED,EAST
O01331,C0364,2026-01-21 00:04:41,RETURNED,WEST
O01332,C0058,2026-01-22 00:04:41,PLACED,SOUTH
O01333,C0211,2026-06-15 00:04:41,DELIVERED,WEST
O01334,C0016,2026-07-22 00:04:41,DELIVERED,SOUTH
O01335,C0382,2025-08-30 00:04:41,DELIVERED,WEST
O01336,C0491,2025-02-04 00:04:41,DELIVERED,EAST
O01337,C0201,2025-05-18 00:04:41,PLACED,EAST
O01338,C0428,2025-10-26 00:04:41,RETURNED,EAST
O01339,C0148,2024-08-17 00:04:41,SHIPPED,WEST
O01340,C0349,2025-06-01 00:04:41,SHIPPED,EAST
O01341,C0250,2025-06-06 00:00:00,PLACED,SOUTH
O01342,C0145,2024-12-13 00:04:41,DELIVERED,NORTH
O01343,C0221,2024-09-08 00:00:00,SHIPPED,EAST
O01344,C0450,2026-01-05 00:04:41,RETURNED,SOUTH
O01345,C0489,2025-05-13 00:04:41,SHIPPED,WEST
O01346,C0300,2025-06-02 00:04:41,CANCELLED,EAST
O01347,C0128,2026-05-23 00:04:41,CANCELLED,NORTH
O01348,C0458,2025-06-14 00:04:41,SHIPPED,WEST
O01349,C0348,2026-03-24 00:04:41,SHIPPED,EAST
O01350,C0070,2025-03-01 00:04:41,PLACED,EAST
O01351,C0291,2025-11-24 00:04:41,CANCELLED,WEST
O01352,C0050,2025-11-04 00:04:41,RETURNED,EAST
O01353,C0240,2025-11-29 00:04:41,CANCELLED,WEST
O01354,C0015,2024-09-05 00:04:41,CANCELLED,NORTH
O01355,C0387,2025-06-14 00:04:41,RETURNED,EAST
O01356,C0066,2026-03-11 00:04:41,PLACED,WEST
O01357,C0065,2024-08-15 00:04:41,RETURNED,WEST
O01358,C0430,2024-10-04 00:04:41,PLACED,EAST
O01359,C0305,2025-06-02 00:04:41,DELIVERED,NORTH
O01360,C0063,2026-06-30 00:04:41,PLACED,SOUTH
O01361,C0265,2025-12-29 00:04:41,SHIPPED,EAST
O01362,C0322,2024-08-15 00:04:41,RETURNED,SOUTH
O01363,C0059,2025-01-12 00:04:41,PLACED,NORTH
O01364,C0127,2025-07-12 00:00:00,RETURNED,WEST
O01365,C0201,2024-12-11 00:04:41,CANCELLED,SOUTH
O01366,C0420,2026-02-19 00:04:41,RETURNED,WEST
O01367,C0440,2024-12-13 00:04:41,PLACED,SOUTH
O01368,C0073,2026-06-13 00:04:41,RETURNED,SOUTH
O01369,C0244,2025-06-01 00:04:41,RETURNED,WEST
O01370,C0189,2025-09-13 00:04:41,PLACED,WEST
O01371,C0214,2025-07-01 00:00:00,CANCELLED,NORTH
O01372,C0289,2026-03-26 00:04:41,RETURNED,WEST
O01373,C0022,2025-08-07 00:04:41,CANCELLED,WEST
O01374,UNKNOWN,2025-01-18 00:04:41,RETURNED,SOUTH
O01375,C0179,2026-01-28 00:04:41,PLACED,SOUTH
O01376,C0336,2026-06-11 00:04:41,DELIVERED,WEST
O01377,C0367,2024-12-30 00:04:41,DELIVERED,WEST
O01378,C0035,2026-05-31 00:04:41,CANCELLED,SOUTH
O01379,C0295,2026-01-10 00:04:41,RETURNED,EAST
O01380,C0067,2026-04-03 00:04:41,DELIVERED,WEST
O01381,UNKNOWN,2025-01-18 00:04:41,PLACED,WEST
O01382,C0479,2025-07-06 00:04:41,SHIPPED,NORTH
O01383,C0461,2025-09-06 00:04:41,CANCELLED,NORTH
O01384,C0032,2024-04-12 00:00:00,PLACED,WEST
O01385,C0391,2026-05-17 00:04:41,SHIPPED,EAST
O01386,C0056,2025-08-30 00:04:41,RETURNED,SOUTH
O01387,C0101,2025-10-31 00:04:41,SHIPPED,SOUTH
O01388,C0380,2026-02-01 00:04:41,SHIPPED,NORTH
O01389,UNKNOWN,2026-06-24 00:04:41,PLACED,SOUTH
O01390,UNKNOWN,2025-09-30 00:04:41,PLACED,EAST
O01391,C0095,2026-05-28 00:04:41,SHIPPED,SOUTH
O01392,C0293,2026-01-03 00:04:41,RETURNED,SOUTH
O01393,C0411,2025-10-20 00:04:41,PLACED,NORTH
O01394,C0066,2025-06-10 00:04:41,CANCELLED,SOUTH
O01395,C0027,2025-07-13 00:00:00,DELIVERED,EAST
O01396,C0200,2024-10-17 00:04:41,SHIPPED,EAST
O01397,C0039,2025-04-13 00:04:41,RETURNED,EAST
O01398,C0205,2026-02-19 00:04:41,PLACED,WEST
O01399,C0480,2025-05-05 00:04:41,PLACED,EAST
O01400,C0216,2025-07-17 00:04:41,PLACED,SOUTH
O01401,C0105,2025-07-12 00:04:41,PLACED,SOUTH
O01402,C0253,2026-03-09 00:04:41,PLACED,EAST
O01403,C0037,2026-04-13 00:04:41,PLACED,WEST
O01404,C0485,2024-09-20 00:04:41,CANCELLED,SOUTH
O01405,C0333,2025-12-11 00:04:41,SHIPPED,NORTH
O01406,C0477,2025-02-25 00:04:41,CANCELLED,NORTH
O01407,C0283,2025-09-09 00:04:41,SHIPPED,WEST
O01408,C0360,2024-12-28 00:04:41,PLACED,EAST
O01409,C0181,2025-10-30 00:04:41,SHIPPED,SOUTH
O01410,C0048,2025-03-29 00:04:41,RETURNED,NORTH
O01411,UNKNOWN,2025-04-21 00:04:41,PLACED,NORTH
O01412,C0065,2025-05-25 00:00:00,DELIVERED,SOUTH
O01413,C0150,2025-09-20 00:04:41,PLACED,NORTH
O01414,C0040,2026-02-16 00:04:41,DELIVERED,SOUTH
O01415,C0228,2025-08-19 00:04:41,DELIVERED,SOUTH
O01416,C0270,2025-07-01 00:04:41,RETURNED,NORTH
O01417,C0028,2025-10-03 00:04:41,RETURNED,WEST
O01418,C0144,2024-12-27 00:04:41,RETURNED,SOUTH
O01419,C0157,2025-03-12 00:04:41,SHIPPED,NORTH
O01420,C0121,2026-06-05 00:04:41,PLACED,NORTH
O01421,C0256,2025-05-12 00:04:41,CANCELLED,EAST
O01422,C0424,2024-10-09 00:04:41,RETURNED,WEST
O01423,UNKNOWN,2025-09-04 00:04:41,PLACED,SOUTH
O01424,C0106,2026-06-15 00:04:41,PLACED,EAST
O01425,C0017,2025-07-31 00:04:41,RETURNED,EAST
O01426,C0473,2025-05-04 00:04:41,RETURNED,SOUTH
O01427,UNKNOWN,2026-05-07 00:04:41,CANCELLED,NORTH
O01428,C0414,2025-09-10 00:04:41,DELIVERED,WEST
O01429,C0218,2026-03-13 00:04:41,DELIVERED,SOUTH
O01430,C0492,2025-04-09 00:04:41,PLACED,EAST
O01431,C0410,2025-05-16 00:04:41,SHIPPED,EAST
O01432,C0173,2024-09-17 00:04:41,DELIVERED,EAST
O01433,C0338,2026-06-08 00:04:41,RETURNED,NORTH
O01434,C0064,2026-06-16 00:04:41,DELIVERED,SOUTH
O01435,C0228,2025-02-11 00:00:00,PLACED,EAST
O01436,C0246,2026-03-01 00:04:41,PLACED,NORTH
O01437,C0142,2026-02-24 00:04:41,PLACED,WEST
O01438,C0093,2025-05-18 00:04:41,CANCELLED,SOUTH
O01439,C0117,2025-01-06 00:04:41,PLACED,SOUTH
O01440,C0059,2025-02-13 00:04:41,CANCELLED,EAST
O01441,C0022,2025-03-30 00:04:41,DELIVERED,EAST
O01442,C0009,2025-08-05 00:04:41,PLACED,SOUTH
O01443,C0180,2026-01-10 00:04:41,RETURNED,NORTH
O01444,C0122,2026-03-16 00:04:41,CANCELLED,NORTH
O01445,C0329,2025-05-25 00:04:41,DELIVERED,EAST
O01446,C0172,2026-06-07 00:04:41,DELIVERED,NORTH
O01447,C0083,2025-06-02 00:04:41,RETURNED,NORTH
O01448,C0055,2025-06-25 00:04:41,RETURNED,EAST
O01449,C0482,2026-03-28 00:00:00,SHIPPED,WEST
O01450,C0391,2024-10-28 00:04:41,SHIPPED,WEST
O01451,C0276,2026-01-31 00:04:41,RETURNED,WEST
O01452,C0338,2025-11-03 00:04:41,SHIPPED,EAST
O01453,C0467,2025-04-14 00:04:41,DELIVERED,SOUTH
O01454,C0234,2024-12-05 00:04:41,CANCELLED,WEST
O01455,C0186,2026-03-05 00:04:41,DELIVERED,WEST
O01456,C0310,2025-10-11 00:04:41,SHIPPED,SOUTH
O01457,C0398,2026-06-30 00:04:41,SHIPPED,EAST
O01458,C0408,2025-06-26 00:04:41,CANCELLED,WEST
O01459,C0259,2026-03-21 00:04:41,SHIPPED,SOUTH
O01460,C0449,2025-01-26 00:04:41,DELIVERED,WEST
O01461,C0381,2024-09-12 00:04:41,PLACED,SOUTH
O01462,C0038,2026-02-02 00:04:41,CANCELLED,EAST
O01463,C0066,2026-03-02 00:04:41,DELIVERED,NORTH
O01464,C0173,2025-07-19 00:04:41,RETURNED,NORTH
O01465,UNKNOWN,2025-08-07 00:04:41,CANCELLED,WEST
O01466,C0380,2025-06-01 00:04:41,SHIPPED,SOUTH
O01467,C0371,2026-01-12 00:04:41,PLACED,EAST
O01468,C0346,2025-09-01 00:04:41,SHIPPED,EAST
O01469,C0484,2025-04-03 00:04:41,DELIVERED,NORTH
O01470,C0289,2026-01-28 00:04:41,CANCELLED,EAST
O01471,C0166,2025-02-07 00:04:41,PLACED,SOUTH
O01472,C0221,2026-03-20 00:04:41,DELIVERED,NORTH
O01473,C0178,2024-12-08 00:04:41,CANCELLED,WEST
O01474,C0115,2025-05-31 00:04:41,DELIVERED,NORTH
O01475,C0474,2025-05-21 00:04:41,SHIPPED,SOUTH
O01476,C0015,2024-09-18 00:04:41,RETURNED,SOUTH
O01477,C0004,2024-09-04 00:04:41,DELIVERED,WEST
O01478,C0375,2024-12-16 00:04:41,DELIVERED,NORTH
O01479,C0367,2024-12-09 00:04:41,CANCELLED,WEST
O01480,C0135,2024-12-27 00:04:41,PLACED,EAST
O01481,C0412,2025-03-24 00:04:41,DELIVERED,SOUTH
O01482,C0260,2025-11-16 00:04:41,RETURNED,NORTH
O01483,C0362,2024-09-17 00:04:41,RETURNED,EAST
O01484,C0098,2026-06-16 00:04:41,PLACED,NORTH
O01485,C0126,2025-08-29 00:04:41,SHIPPED,SOUTH
O01486,C0136,2025-12-18 00:04:41,CANCELLED,EAST
O01487,C0068,2024-11-07 00:04:41,SHIPPED,NORTH
O01488,C0223,2026-03-03 00:04:41,SHIPPED,NORTH
O01489,C0215,2026-04-29 00:04:41,RETURNED,SOUTH
O01490,C0327,2026-02-03 00:04:41,SHIPPED,EAST
O01491,C0431,2025-06-04 00:04:41,CANCELLED,WEST
O01492,C0307,2025-12-14 00:04:41,SHIPPED,NORTH
O01493,C0494,2025-05-30 00:04:41,CANCELLED,EAST
O01494,C0127,2024-12-05 00:04:41,DELIVERED,NORTH
O01495,C0178,2026-07-31 00:04:41,CANCELLED,WEST
O01496,C0308,2025-06-04 00:00:00,DELIVERED,SOUTH
O01497,C0456,2025-10-01 00:04:41,DELIVERED,EAST
O01498,C0346,2025-09-13 00:04:41,CANCELLED,WEST
O01499,C0134,2025-05-10 00:04:41,SHIPPED,EAST
O01500,C0326,2025-06-20 00:04:41,SHIPPED,SOUTH
