item_id,order_id,product_id,quantity,unit_price,discount_percent
I00001,O01281,P0057,5,9483.99,19
I00002,O01239,P0277,5,297.21,23
I00003,O00185,P0400,1,7076.83,29
I00004,O01133,P0033,3,6583.82,16
I00005,O00407,P0081,2,8397.68,12
I00006,O00331,P0467,2,3801.41,13
I00007,O00510,P0482,2,235.04,27
I00008,O01079,P0053,1,5064.84,25
I00009,O00580,P0155,4,340.02,20
I00010,O00254,P0417,2,7862.13,20
I00011,O00553,P0442,4,940.67,2
I00012,O00851,P0011,5,245.94,26
I00013,O00311,P0049,5,7385.15,25
I00014,O01241,P0440,4,3190.68,10
I00015,O00048,P0155,4,2813.09,6
I00016,O01344,P0296,1,4766.86,9
I00017,O00833,P0288,4,2857.72,9
I00018,O00784,P0009,5,9932.22,23
I00019,O01120,P0366,4,1172.21,7
I00020,O00814,P0395,5,2397.94,11
I00021,O01317,P0160,4,3391.11,25
I00022,O00347,P0107,1,8661.79,15
I00023,O00290,P0207,5,6203.24,15
I00024,O01161,P0390,5,2401.05,24
I00025,O00638,P0380,4,3444.9,4
I00026,O01158,P0307,1,4124.69,0
I00027,O01152,P0407,3,4938.4,15
I00028,O00483,P0165,3,4667.58,15
I00029,O00167,P0472,5,1139.93,22
I00030,O00028,P0083,1,5247.4,3
I00031,O00233,P0020,2,8866.48,15
I00032,O01075,P0250,2,1484.67,27
I00033,O00019,P0152,5,1264.07,9
I00034,O01260,P0456,3,3779.15,20
I00035,O01072,P0351,2,2124.17,19
I00036,O00515,P0242,3,4682.51,29
I00037,O01475,P0437,3,9285.63,5
I00038,O00971,P0006,5,3245.11,5
I00039,O00012,P0160,2,7044.5,6
I00040,O00678,P0049,1,704.97,14
I00041,O00718,P0326,5,5635.65,7
I00042,O00395,P0141,3,2913.46,29
I00043,O00627,P0189,4,6282.56,12
I00044,O01314,P0338,3,2105.62,18
I00045,O00444,P0144,2,1865.42,18
I00046,O01070,P0301,1,6483.82,12
I00047,O01213,P0310,3,2844.65,25
I00048,O00970,P0108,5,1764.18,25
I00049,O00188,P0476,2,8053.2,4
I00050,O00001,P0166,2,870.1,1
I00051,O00901,P0218,2,6681.94,10
I00052,O00241,P0124,3,5645.44,12
I00053,O00728,P0160,4,8402.63,10
I00054,O01240,P0432,5,2217.6,5
I00055,O00896,P0287,3,4472.3,22
I00056,O01143,P0461,3,4410.59,11
I00057,O00749,P0438,-2,4714.15,21
I00058,O00438,P0316,3,5641.96,29
I00059,O00367,P0478,2,7501.52,0
I00060,O01078,P0100,2,155.58,9
I00061,O00756,P0469,3,2612.23,29
I00062,O00069,P0332,1,2822.02,15
I00063,O01425,P0361,4,2605.08,20
I00064,O00063,P0442,1,7208.49,15
I00065,O01005,P0089,5,4787.14,27
I00066,O00079,P0190,5,385.49,28
I00067,O00363,P0446,2,8524.34,2
I00068,O00245,P0029,4,4489.44,22
I00069,O01115,P0143,1,9835.69,6
I00070,O00682,P0429,5,6752.71,28
I00071,O00347,P0464,3,9864.08,23
I00072,O01361,P0207,3,4222.15,21
I00073,O01028,P0076,1,7316.67,2
I00074,O00565,P0312,2,2066.97,16
I00075,O00007,P0160,4,2810.26,11
I00076,O01164,P0429,1,6993.29,18
I00077,O00186,P0094,4,7322.55,5
I00078,O00042,P0393,3,1776.42,0
I00079,O00943,P0042,2,8784.26,30
I00080,O01395,P0329,2,9432.31,27
I00081,O00272,P0159,2,628.02,22
I00082,O00288,P0290,3,3223.86,7
I00083,O00409,P0091,2,9794.85,8
I00084,O01004,P0182,4,5829.09,11
I00085,O01293,P0352,5,8334.13,1
I00086,O01102,P0292,5,2185.56,22
I00087,O01397,P0408,4,2958.02,10
I00088,O00551,P0047,5,5181.4,6
I00089,O00535,P0017,3,9227.0,16
I00090,O00957,P0301,2,3297.61,18
I00091,O00070,P0166,4,7042.75,20
I00092,O00017,P0082,3,4271.94,10
I00093,O00206,P0096,3,9140.17,9
I00094,O00382,P0386,2,315.32,25
I00095,O01180,P0356,5,4406.19,12
I00096,O00518,P0371,4,3794.83,10
I00097,O00615,P0021,4,9710.58,28
I00098,O01039,P0056,2,4267.76,24
I00099,O00821,P0304,3,382.7,16
I00100,O01223,P0495,2,7006.55,16
I00101,O01164,P0385,2,1481.54,21
I00102,O00111,P0497,3,994.95,25
I00103,O00940,P0203,2,1736.89,0
I00104,O00353,P0155,2,3144.51,5
I00105,O00895,P0047,2,7268.93,4
I00106,O00767,P0003,5,4825.71,11
I00107,O01407,P0202,1,7017.92,29
I00108,O00950,P0362,4,2503.15,29
I00109,O00652,P0391,1,9359.1,12
I00110,O01382,P0374,3,8739.57,19
I00111,O00711,P0251,4,6731.78,18
I00112,O01247,P0092,1,7701.65,11
I00113,O00004,P0313,3,6031.78,12
I00114,O00283,P0256,1,1960.91,6
I00115,O00696,P0197,3,6575.04,13
I00116,O00793,P0346,2,8230.62,1
I00117,O00864,P0092,3,1719.07,21
I00118,O00953,P0413,5,918.14,21
I00119,O00829,P0412,1,8088.46,5
I00120,O01039,P0197,3,6894.36,0
I00121,O01373,P0206,4,4282.32,1
I00122,O01299,P0060,3,6076.0,25
I00123,O00970,P0365,4,3417.13,17
I00124,O00367,P0218,3,5363.95,12
I00125,O00691,P0486,1,9348.35,18
I00126,O01259,P0373,3,8734.83,13
I00127,O00082,P0063,1,8692.18,14
I00128,O01228,P0352,3,3756.03,13
I00129,O00049,P0278,3,2745.63,9
I00130,O00915,P0167,3,3047.07,1
I00131,O01499,P0019,5,5359.56,12
I00132,O01096,P0049,2,1347.94,4
I00133,O00563,P0177,4,9721.34,22
I00134,O01073,P0292,5,4638.35,2
I00135,O00301,P0312,3,9770.75,20
I00136,O01486,P0041,1,3443.95,20
I00137,O00046,P0095,3,9508.55,8
I00138,O00888,P0495,1,1252.61,6
I00139,O00621,P0316,5,5188.99,27
I00140,O00101,P0192,2,5776.03,6
I00141,O01411,P0399,4,1938.56,16
I00142,O00372,P0348,1,2920.63,0
I00143,O00849,P0337,4,1384.69,8
I00144,O01301,P0163,4,1061.76,7
I00145,O00453,P0033,1,6152.72,23
I00146,O01205,P0216,5,6384.25,10
I00147,O01143,P0007,5,3495.21,10
I00148,O00311,P0237,3,8558.12,15
I00149,O00349,P0345,2,3961.61,12
I00150,O01171,P0496,1,878.22,15
I00151,O00171,P0107,5,7505.31,16
I00152,O00646,P0232,3,6777.56,0
I00153,O00342,P0320,2,3581.1,13
I00154,O00048,P0385,4,9736.23,17
I00155,O00769,P0472,4,5422.17,12
I00156,O00253,P0050,5,4017.92,6
I00157,O00366,P0443,1,1675.26,24
I00158,O00721,P0385,4,2255.75,28
I00159,O00744,P0323,5,1145.82,28
I00160,O01091,P0201,3,2328.48,12
I00161,O00587,P0423,4,9253.05,5
I00162,O00007,P0273,2,8315.68,24
I00163,O01400,P0465,4,1073.4,18
I00164,O00841,P0097,4,6400.53,19
I00165,O01270,P0258,2,9989.21,19
I00166,O00047,P0167,5,6137.14,5
I00167,O01402,P0047,5,9523.28,0
I00168,O01340,P0200,5,5565.37,27
I00169,O00331,P0235,2,3753.74,27
I00170,O01460,P0472,2,2077.87,4
I00171,O00064,P0106,3,5818.26,14
I00172,O00909,P0124,2,7987.86,14
I00173,O01238,P0429,5,3379.47,29
I00174,O01479,P0493,2,791.44,23
I00175,O00833,P0444,1,5245.7,15
I00176,O00855,P0491,4,2674.29,22
I00177,O01244,P0332,5,9893.17,22
I00178,O01487,P0031,1,3000.33,12
I00179,O01468,P0475,1,5164.44,20
I00180,O00255,P0054,4,1545.24,8
I00181,O00229,P0370,5,1772.64,13
I00182,O00498,P0408,3,4877.65,8
I00183,O01421,P0038,1,4636.6,22
I00184,O00533,P0176,4,3023.39,14
I00185,O01433,P0133,3,5725.49,19
I00186,O00304,P0268,1,2955.46,7
I00187,O01462,P0150,3,3135.96,22
I00188,O00625,P0244,2,7159.48,21
I00189,O01424,P0066,3,1550.61,9
I00190,O00467,P0015,4,8524.1,18
I00191,O00025,P0133,3,3705.2,16
I00192,O01267,P0461,5,1787.06,11
I00193,O01027,P0161,2,5281.04,12
I00194,O01076,P0247,4,1836.33,28
I00195,O00133,P0176,-4,2325.77,6
I00196,O01247,P0399,2,7314.74,3
I00197,O00941,P0292,2,9135.75,29
I00198,O01074,P0460,1,2360.88,6
I00199,O00817,P0321,3,1078.52,10
I00200,O01134,P0493,5,5394.06,23
I00201,O00115,P0229,5,5710.35,7
I00202,O00375,P0354,2,9369.7,27
I00203,O01470,P0234,2,1856.56,19
I00204,O00188,P0381,3,1981.14,26
I00205,O00272,P0268,1,3097.33,6
I00206,O01191,P0245,2,4696.29,17
I00207,O01299,P0038,1,2044.62,3
I00208,O00405,P0052,4,5469.45,6
I00209,O01166,P0005,5,5858.96,27
I00210,O00907,P0399,1,6462.01,18
I00211,O00002,P0129,5,7570.15,19
I00212,O00362,P0169,3,5122.2,16
I00213,O00614,P0136,3,8685.88,7
I00214,O01150,P0258,3,3157.16,14
I00215,O00374,P0250,1,164.52,28
I00216,O00335,P0092,5,749.04,13
I00217,O00908,P0176,3,6415.04,17
I00218,O00223,P0391,2,2394.85,9
I00219,O01087,P0242,5,1118.88,9
I00220,O01377,P0080,5,3305.28,6
I00221,O00324,P0313,4,6659.65,10
I00222,O01339,P0305,5,7908.61,24
I00223,O00539,P0242,3,9349.87,26
I00224,O00628,P0171,3,7294.43,26
I00225,O00872,P0289,3,3996.07,13
I00226,O00828,P0029,1,9689.93,11
I00227,O00562,P0010,2,8203.48,6
I00228,O00525,P0151,2,8342.26,0
I00229,O00784,P0167,3,5624.87,23
I00230,O01265,P0258,2,4457.02,8
I00231,O00329,P0167,1,7256.21,30
I00232,O00095,P0400,5,6628.24,22
I00233,O01243,P0301,4,3812.69,3
I00234,O00566,P0276,1,3757.54,29
I00235,O00276,P0451,3,7523.28,10
I00236,O00309,P0302,4,3058.67,6
I00237,O00503,P0168,5,5770.06,24
I00238,O00597,P0354,3,316.33,24
I00239,O01433,P0365,1,7416.68,30
I00240,O00914,P0383,3,8857.39,5
I00241,O00944,P0186,3,3396.82,21
I00242,O00048,P0072,3,1279.99,13
I00243,O00997,P0409,4,575.51,16
I00244,O01050,P0192,1,260.39,13
I00245,O00670,P0405,1,5434.21,9
I00246,O00138,P0377,5,847.97,2
I00247,O01090,P0082,5,8006.05,27
I00248,O00960,P0313,1,6536.72,6
I00249,O00883,P0419,1,2840.96,14
I00250,O00150,P0094,2,6513.61,10
I00251,O01419,P0379,4,8220.06,13
I00252,O00602,P0004,1,6274.53,12
I00253,O00661,P0219,-1,1589.9,27
I00254,O00669,P0273,2,4631.76,21
I00255,O01177,P0474,2,3610.99,28
I00256,O00304,P0106,5,3153.97,3
I00257,O00081,P0400,1,1360.5,11
I00258,O00646,P0476,1,2378.03,6
I00259,O00869,P0139,2,2406.49,29
I00260,O00056,P0071,2,8788.61,30
I00261,O00769,P0014,4,4495.13,23
I00262,O00916,P0225,2,4051.86,6
I00263,O00256,P0048,4,9695.51,16
I00264,O00250,P0084,5,7590.4,3
I00265,O00734,P0384,4,9954.04,13
I00266,O00186,P0410,2,5118.41,15
I00267,O00936,P0009,3,171.83,25
I00268,O00205,P0182,4,3667.89,9
I00269,O01336,P0154,1,2370.65,22
I00270,O00799,P0449,1,4766.48,30
I00271,O00663,P0024,3,1493.28,7
I00272,O00263,P0266,2,1642.01,22
I00273,O00126,P0306,4,8043.56,27
I00274,O00850,P0422,3,1659.08,5
I00275,O00311,P0380,2,8113.23,21
I00276,O00225,P0403,2,1707.5,15
I00277,O01281,P0192,2,9098.91,8
I00278,O00053,P0170,5,382.12,15
I00279,O00296,P0468,1,4135.78,17
I00280,O01480,P0269,4,1780.43,3
I00281,O00457,P0048,1,4256.84,2
I00282,O00952,P0213,1,8575.79,17
I00283,O01236,P0415,4,6404.87,9
I00284,O00527,P0066,4,3296.48,17
I00285,O01369,P0367,3,1054.34,15
I00286,O00450,P0264,5,1385.1,30
I00287,O00169,P0381,2,1038.41,12
I00288,O00216,P0128,3,2339.61,5
I00289,O00947,P0343,3,5948.77,16
I00290,O00547,P0390,5,9005.37,10
I00291,O00298,P0297,4,7390.46,27
I00292,O00789,P0324,1,575.38,6
I00293,O01300,P0018,-2,8370.25,7
I00294,O00024,P0293,2,4859.69,27
I00295,O01183,P0208,3,4575.83,6
I00296,O01118,P0226,4,1266.41,8
I00297,O00691,P0457,5,1944.56,10
I00298,O00935,P0340,4,1055.38,27
I00299,O00539,P0033,3,7841.35,13
I00300,O00259,P0049,1,2348.54,14
I00301,O01460,P0152,1,1350.36,11
I00302,O01134,P0482,3,921.38,27
I00303,O01047,P0100,5,1502.91,21
I00304,O00407,P0376,2,7471.5,16
I00305,O01153,P0441,5,5352.56,1
I00306,O00472,P0356,5,9476.92,16
I00307,O00206,P0349,2,1739.79,20
I00308,O01467,P0078,5,5454.13,30
I00309,O00415,P0143,5,584.23,30
I00310,O01069,P0498,4,4270.51,15
I00311,O01478,P0481,4,3069.93,2
I00312,O01369,P0160,3,2166.67,23
I00313,O00137,P0031,5,7576.18,4
I00314,O00329,P0392,2,9723.74,30
I00315,O00327,P0331,2,4248.19,18
I00316,O00718,P0037,2,2340.42,30
I00317,O00823,P0064,3,7287.19,18
I00318,O00292,P0345,2,2827.16,10
I00319,O01067,P0160,1,5289.99,24
I00320,O01353,P0225,5,3058.34,3
I00321,O00931,P0079,5,796.99,24
I00322,O00084,P0196,3,8395.98,8
I00323,O00873,P0300,1,1767.71,22
I00324,O00461,P0268,4,1120.2,23
I00325,O00743,P0124,5,8706.68,21
I00326,O00886,P0216,4,660.86,3
I00327,O00565,P0464,3,2591.54,16
I00328,O00515,P0183,3,922.62,3
I00329,O01014,P0114,4,5951.74,21
I00330,O01452,P0250,3,5650.64,26
I00331,O01063,P0446,5,9259.91,12
I00332,O01210,P0430,1,7956.64,30
I00333,O00241,P0495,1,7663.9,11
I00334,O01237,P0216,5,8171.31,22
I00335,O00902,P0437,1,4661.36,27
I00336,O00817,P0417,5,8071.68,23
I00337,O00053,P0111,4,5712.61,0
I00338,O00845,P0411,3,380.91,14
I00339,O01399,P0177,3,3588.55,30
I00340,O00098,P0167,2,4636.23,20
I00341,O00329,P0108,3,5628.93,27
I00342,O00822,P0386,5,3550.54,26
I00343,O00183,P0171,2,3582.87,17
I00344,O00627,P0052,2,9150.3,2
I00345,O01019,P0328,4,1943.3,12
I00346,O01449,P0249,2,3570.88,25
I00347,O00327,P0492,4,1768.58,0
I00348,O00636,P0466,1,5110.58,20
I00349,O01147,P0276,5,1861.29,19
I00350,O00186,P0365,1,6019.9,28
I00351,O00299,P0367,4,3467.62,11
I00352,O00789,P0054,4,8465.59,23
I00353,O00169,P0166,3,9994.45,14
I00354,O00318,P0342,1,9927.51,0
I00355,O01424,P0113,4,2528.98,7
I00356,O00443,P0075,4,222.94,7
I00357,O00990,P0430,1,4445.6,17
I00358,O00394,P0212,5,1941.97,16
I00359,O01179,P0455,5,9033.19,12
I00360,O00746,P0412,3,8037.08,13
I00361,O00481,P0164,3,5449.65,2
I00362,O01439,P0127,2,7976.02,18
I00363,O01040,P0363,2,4809.8,10
I00364,O01238,P0117,1,7229.05,22
I00365,O00459,P0239,5,2764.42,26
I00366,O00897,P0255,1,5951.52,2
I00367,O00919,P0287,-2,6537.75,28
I00368,O01447,P0076,3,731.39,11
I00369,O00566,P0292,1,2594.92,28
I00370,O01006,P0221,1,7071.76,30
I00371,O00441,P0339,2,4575.91,17
I00372,O01168,P0409,3,8772.09,30
I00373,O01106,P0349,4,5910.04,27
I00374,O00109,P0365,1,7569.22,18
I00375,O00146,P0315,1,729.92,13
I00376,O00510,P0308,2,7759.97,5
I00377,O01014,P0374,-2,1283.05,2
I00378,O01176,P0359,1,9495.4,12
I00379,O00972,P0071,4,8487.93,5
I00380,O00364,P0363,1,4360.57,8
I00381,O00534,P0206,4,2086.01,11
I00382,O00193,P0269,1,2651.9,28
I00383,O01141,P0031,5,6858.83,3
I00384,O01084,P0007,-2,146.14,12
I00385,O01164,P0289,-3,3810.88,2
I00386,O01272,P0256,2,1899.69,6
I00387,O01400,P0468,3,1631.24,11
I00388,O00903,P0362,5,8475.13,24
I00389,O00912,P0016,2,6258.62,29
I00390,O00247,P0414,5,9349.05,29
I00391,O01399,P0093,3,5942.05,5
I00392,O01236,P0080,1,9973.68,29
I00393,O01349,P0281,3,8334.52,25
I00394,O01370,P0284,4,748.09,7
I00395,O01006,P0097,3,7961.13,1
I00396,O00984,P0416,3,8451.65,21
I00397,O01065,P0047,5,6668.77,10
I00398,O01439,P0273,5,5264.56,24
I00399,O00579,P0165,5,1441.21,24
I00400,O01283,P0219,2,4101.96,12
I00401,O01007,P0054,1,3282.99,15
I00402,O01020,P0403,5,7730.33,24
I00403,O00086,P0097,1,9473.12,9
I00404,O01170,P0278,5,1816.25,10
I00405,O00097,P0495,1,3099.16,6
I00406,O00108,P0422,3,8271.4,27
I00407,O01074,P0435,4,1865.07,11
I00408,O00203,P0235,1,9504.65,28
I00409,O00150,P0366,2,2115.72,6
I00410,O00032,P0024,5,9228.65,6
I00411,O00010,P0464,1,2479.84,26
I00412,O00799,P0424,3,2360.88,29
I00413,O00291,P0307,4,2537.11,21
I00414,O00866,P0349,3,5748.34,27
I00415,O01339,P0378,3,9145.99,13
I00416,O00848,P0194,1,2853.06,28
I00417,O01000,P0130,2,6041.28,20
I00418,O00920,P0066,4,6663.33,7
I00419,O00237,P0082,1,9031.95,15
I00420,O00671,P0086,1,9440.68,8
I00421,O00587,P0146,4,8569.53,8
I00422,O00809,P0422,1,8867.44,6
I00423,O01020,P0103,1,1358.44,1
I00424,O00229,P0118,4,476.51,12
I00425,O01421,P0413,2,767.26,13
I00426,O00293,P0227,5,6010.31,1
I00427,O00388,P0394,5,2183.27,10
I00428,O00313,P0175,1,8608.93,8
I00429,O00411,P0462,2,6476.94,12
I00430,O00598,P0259,4,730.13,5
I00431,O01477,P0225,2,350.57,14
I00432,O01233,P0271,1,2949.28,5
I00433,O00651,P0030,2,1202.52,2
I00434,O00036,P0317,4,7232.78,23
I00435,O00294,P0462,3,1127.55,7
I00436,O01153,P0030,1,8155.69,24
I00437,O00460,P0391,5,6320.04,18
I00438,O01329,P0422,5,9117.03,29
I00439,O00579,P0352,5,6198.89,14
I00440,O01255,P0129,2,3516.95,20
I00441,O00314,P0233,4,5410.9,11
I00442,O01305,P0375,2,1826.1,30
I00443,O00329,P0189,4,7426.06,13
I00444,O00942,P0211,3,7135.79,17
I00445,O00257,P0431,2,6302.35,6
I00446,O00856,P0236,4,7361.15,14
I00447,O00692,P0167,4,6687.2,4
I00448,O00445,P0365,5,1990.55,6
I00449,O00949,P0281,5,8638.14,25
I00450,O00629,P0110,4,3989.01,15
I00451,O00927,P0154,1,9056.29,30
I00452,O00409,P0112,5,3443.06,28
I00453,O01060,P0222,2,1885.12,14
I00454,O00791,P0291,1,6703.24,8
I00455,O01314,P0206,5,5793.18,25
I00456,O00649,P0240,2,2532.41,23
I00457,O00997,P0162,2,6142.54,24
I00458,O01287,P0449,5,449.49,3
I00459,O00018,P0472,1,8636.27,1
I00460,O00642,P0477,3,9027.86,6
I00461,O00630,P0431,2,753.63,19
I00462,O00915,P0244,3,3452.35,5
I00463,O01151,P0082,3,9018.09,4
I00464,O01091,P0467,2,6221.06,5
I00465,O00962,P0359,5,9834.7,22
I00466,O01360,P0485,2,1551.8,14
I00467,O00278,P0451,1,3871.4,12
I00468,O00041,P0301,4,6912.4,26
I00469,O01198,P0293,3,1900.15,28
I00470,O01376,P0291,1,3503.91,10
I00471,O00142,P0091,1,1435.94,9
I00472,O00228,P0479,4,7930.58,21
I00473,O00657,P0150,2,7142.94,30
I00474,O01014,P0009,1,6256.44,18
I00475,O00748,P0436,4,2601.89,16
I00476,O00049,P0251,3,3253.82,5
I00477,O01435,P0157,1,2704.82,13
I00478,O01345,P0235,3,6628.16,10
I00479,O01279,P0006,5,7372.95,0
I00480,O00963,P0195,3,3945.13,22
I00481,O00688,P0188,3,8051.15,27
I00482,O00701,P0068,4,9434.77,23
I00483,O01002,P0145,3,2740.06,29
I00484,O00174,P0413,4,6695.6,10
I00485,O00048,P0416,5,1372.41,24
I00486,O00363,P0192,1,743.1,18
I00487,O00155,P0005,2,7258.76,23
I00488,O01265,P0037,3,1646.81,20
I00489,O00678,P0403,4,6682.89,19
I00490,O00285,P0103,1,9188.22,29
I00491,O01471,P0488,1,1006.7,13
I00492,O01469,P0041,2,3930.32,20
I00493,O00405,P0363,5,9880.5,19
I00494,O01499,P0347,2,5958.94,27
I00495,O01040,P0004,1,887.63,6
I00496,O01111,P0295,3,9729.96,22
I00497,O00156,P0097,1,1951.78,10
I00498,O01302,P0429,2,5963.85,19
I00499,O00585,P0112,4,4322.58,26
I00500,O01087,P0004,3,6582.94,30
I00501,O00331,P0034,3,710.03,15
I00502,O00124,P0318,3,7580.94,13
I00503,O01467,P0229,1,218.79,23
I00504,O00741,P0358,1,6842.7,21
I00505,O01490,P0430,1,3258.73,11
I00506,O00615,P0391,4,4941.97,17
I00507,O00350,P0022,2,6939.56,13
I00508,O00665,P0473,4,7982.89,30
I00509,O00952,P0232,4,1611.58,23
I00510,O00051,P0448,4,1480.38,10
I00511,O01295,P0077,4,4054.24,0
I00512,O01356,P0464,4,1810.52,18
I00513,O00034,P0201,2,4775.65,8
I00514,O01019,P0201,3,1667.33,26
I00515,O00390,P0250,5,6107.57,15
I00516,O00328,P0250,4,9694.09,1
I00517,O00138,P0488,3,3300.5,15
I00518,O00482,P0266,5,9439.05,25
I00519,O00027,P0490,2,3149.28,5
I00520,O01401,P0317,3,4347.07,3
I00521,O00578,P0175,5,7275.09,25
I00522,O00970,P0033,2,275.33,11
I00523,O00669,P0353,4,2411.04,27
I00524,O00976,P0403,3,2877.26,10
I00525,O01431,P0100,5,9028.37,30
I00526,O01173,P0498,3,9122.67,22
I00527,O00511,P0251,5,5676.65,28
I00528,O00196,P0197,1,7526.9,19
I00529,O01006,P0237,3,6065.74,28
I00530,O00798,P0399,3,2012.5,24
I00531,O00746,P0435,3,7799.82,15
I00532,O00007,P0168,2,3626.07,19
I00533,O00559,P0490,4,3268.35,10
I00534,O00410,P0422,5,8126.21,6
I00535,O00606,P0376,5,699.57,28
I00536,O01033,P0145,2,2557.44,12
I00537,O00023,P0153,4,2683.78,4
I00538,O01335,P0330,-3,7647.5,2
I00539,O00303,P0229,3,6296.31,17
I00540,O00644,P0056,2,9375.34,14
I00541,O01243,P0233,3,2919.15,18
I00542,O00035,P0064,2,618.99,10
I00543,O00291,P0162,5,8334.86,12
I00544,O00890,P0331,-5,3306.45,5
I00545,O00071,P0330,3,2900.8,18
I00546,O01048,P0029,5,7255.49,22
I00547,O00140,P0072,2,1600.54,16
I00548,O00482,P0048,2,7571.13,11
I00549,O00704,P0385,3,788.81,12
I00550,O00853,P0329,5,7918.31,22
I00551,O00184,P0417,2,2151.82,5
I00552,O00535,P0117,1,2468.73,20
I00553,O01317,P0432,-5,7003.15,15
I00554,O00477,P0487,1,1611.04,27
I00555,O00662,P0199,2,7584.03,21
I00556,O00594,P0253,-4,332.78,22
I00557,O00083,P0103,4,5937.72,6
I00558,O00015,P0179,2,7048.06,18
I00559,O00337,P0204,3,2206.51,17
I00560,O01276,P0145,1,2729.9,11
I00561,O00413,P0387,5,6115.42,10
I00562,O00534,P0202,2,1279.76,9
I00563,O01236,P0496,-4,6548.95,16
I00564,O00231,P0022,4,3935.78,3
I00565,O01168,P0377,2,7498.0,26
I00566,O00622,P0185,2,4691.42,20
I00567,O00517,P0112,2,5159.88,9
I00568,O00371,P0441,1,3405.93,15
I00569,O00938,P0201,4,6057.95,5
I00570,O01223,P0147,4,7970.53,21
I00571,O00220,P0453,2,102.68,0
I00572,O00023,P0485,5,2814.89,0
I00573,O01493,P0291,3,9615.96,3
I00574,O01323,P0098,1,9712.31,23
I00575,O00856,P0335,3,321.71,24
I00576,O00619,P0073,1,2700.98,29
I00577,O01304,P0382,2,9529.01,25
I00578,O00976,P0090,1,242.01,2
I00579,O01188,P0356,2,5618.7,8
I00580,O00983,P0033,1,7341.2,4
I00581,O01389,P0194,2,395.99,15
I00582,O00845,P0090,4,9731.78,18
I00583,O00576,P0364,1,2887.53,15
I00584,O00050,P0344,2,2792.43,27
I00585,O00918,P0415,2,119.29,20
I00586,O00892,P0287,1,9526.25,15
I00587,O00097,P0147,2,3703.94,19
I00588,O00968,P0279,3,1722.56,21
I00589,O01108,P0075,3,3275.04,20
I00590,O01189,P0206,3,3783.89,11
I00591,O01378,P0385,3,8905.35,21
I00592,O00885,P0045,5,6061.3,28
I00593,O00735,P0331,2,4718.9,24
I00594,O00337,P0456,5,523.28,16
I00595,O01107,P0324,2,8336.93,5
I00596,O00422,P0423,5,6962.83,2
I00597,O01027,P0279,4,515.59,3
I00598,O01128,P0341,-5,9428.67,23
I00599,O00686,P0251,2,1257.52,23
I00600,O00809,P0268,3,6603.23,12
I00601,O00836,P0353,2,7540.5,3
I00602,O00930,P0080,2,8360.06,28
I00603,O01034,P0410,2,1167.23,4
I00604,O00628,P0124,1,7582.43,9
I00605,O00198,P0488,2,8163.49,0
I00606,O00248,P0107,1,1938.57,24
I00607,O00927,P0487,1,1277.63,30
I00608,O00022,P0358,3,6015.85,10
I00609,O00623,P0220,4,6230.65,29
I00610,O01216,P0022,4,6823.26,1
I00611,O00064,P0131,4,7036.25,27
I00612,O00201,P0217,4,6917.05,19
I00613,O01403,P0252,3,9946.92,12
I00614,O00178,P0244,1,2596.35,2
I00615,O01466,P0324,1,9230.88,14
I00616,O00495,P0310,4,9841.6,1
I00617,O01442,P0438,3,4566.87,19
I00618,O01401,P0066,4,5974.95,21
I00619,O00911,P0036,1,5070.52,14
I00620,O00795,P0411,3,9257.31,20
I00621,O00241,P0358,1,5215.69,5
I00622,O00334,P0021,4,2973.84,10
I00623,O00318,P0496,4,8390.01,6
I00624,O00012,P0199,4,7779.83,25
I00625,O00090,P0155,2,1908.51,10
I00626,O00469,P0366,5,4502.2,22
I00627,O00286,P0068,1,7429.53,30
I00628,O00898,P0255,5,3730.09,22
I00629,O01076,P0460,-4,6968.74,20
I00630,O00971,P0018,5,2861.13,17
I00631,O00179,P0135,4,8790.03,21
I00632,O01039,P0471,3,2508.0,29
I00633,O00332,P0045,2,5747.16,21
I00634,O01119,P0192,2,5617.95,15
I00635,O01345,P0095,1,5862.99,3
I00636,O00415,P0076,5,3073.4,23
I00637,O00123,P0262,-4,7902.06,3
I00638,O01200,P0272,5,187.69,28
I00639,O00500,P0441,2,4855.85,6
I00640,O00980,P0246,2,2219.81,5
I00641,O01285,P0278,4,8601.06,2
I00642,O01045,P0075,2,8625.74,2
I00643,O00149,P0290,4,1730.85,20
I00644,O00741,P0481,4,2330.89,8
I00645,O00885,P0022,4,8719.62,24
I00646,O01376,P0372,-4,9314.72,12
I00647,O00461,P0384,4,9084.33,15
I00648,O01044,P0456,5,4124.67,27
I00649,O01068,P0148,2,5021.62,2
I00650,O00855,P0034,4,5660.7,22
I00651,O00082,P0190,2,2846.16,8
I00652,O00700,P0156,4,8379.61,19
I00653,O00963,P0262,3,4929.1,24
I00654,O01398,P0310,5,6033.48,25
I00655,O00691,P0047,5,6945.1,10
I00656,O01294,P0033,5,2590.77,8
I00657,O01218,P0263,3,2355.64,29
I00658,O01160,P0098,3,3550.28,9
I00659,O01061,P0347,2,4174.24,8
I00660,O01350,P0097,5,7706.31,28
I00661,O01410,P0152,2,1980.66,21
I00662,O01133,P0165,3,2124.2,14
I00663,O00241,P0371,5,7255.15,9
I00664,O01298,P0426,2,3439.98,28
I00665,O00803,P0248,4,7198.71,29
I00666,O00700,P0075,5,2621.78,2
I00667,O00772,P0417,3,5551.77,12
I00668,O00522,P0476,1,5001.05,29
I00669,O00568,P0262,5,5717.79,6
I00670,O00876,P0322,3,9818.8,19
I00671,O00793,P0161,1,1282.5,5
I00672,O00112,P0022,1,8487.03,8
I00673,O00550,P0066,1,7860.32,29
I00674,O01353,P0291,4,692.81,3
I00675,O01474,P0142,3,2913.46,7
I00676,O01237,P0293,2,7542.09,29
I00677,O00485,P0078,5,327.25,18
I00678,O00352,P0413,3,9667.36,12
I00679,O00036,P0489,2,1687.92,18
I00680,O00553,P0415,5,4913.95,3
I00681,O00453,P0124,2,4649.12,5
I00682,O00573,P0055,2,131.37,21
I00683,O01229,P0435,3,3928.36,6
I00684,O00168,P0210,2,7153.01,14
I00685,O00788,P0436,2,6189.02,12
I00686,O00557,P0106,1,8829.88,15
I00687,O01074,P0176,4,3288.59,15
I00688,O00906,P0311,5,2134.15,4
I00689,O01432,P0350,1,3838.88,25
I00690,O00644,P0181,4,4110.51,7
I00691,O00778,P0308,3,8789.53,30
I00692,O01154,P0125,1,6490.22,2
I00693,O00045,P0200,4,5759.4,11
I00694,O00894,P0371,-4,4508.74,13
I00695,O00714,P0118,1,2764.3,29
I00696,O00346,P0113,3,8551.1,20
I00697,O00401,P0434,5,459.3,12
I00698,O00469,P0047,3,7100.34,5
I00699,O01133,P0026,1,2578.87,16
I00700,O00601,P0073,3,8599.15,8
I00701,O00639,P0086,2,5253.03,7
I00702,O01173,P0336,1,7852.7,27
I00703,O00964,P0483,2,4290.31,5
I00704,O00401,P0309,-2,7154.04,2
I00705,O00367,P0274,1,1328.96,14
I00706,O01482,P0092,5,1611.91,29
I00707,O00018,P0167,2,8568.53,24
I00708,O00043,P0257,3,5094.65,1
I00709,O00100,P0241,4,1643.5,4
I00710,O00753,P0294,2,7853.26,14
I00711,O01455,P0057,2,7162.95,5
I00712,O00138,P0194,5,1445.45,9
I00713,O01004,P0347,4,7567.16,17
I00714,O01076,P0239,5,9624.84,30
I00715,O01241,P0296,5,7211.72,23
I00716,O01073,P0480,4,4136.02,16
I00717,O00075,P0106,4,826.83,11
I00718,O00845,P0196,3,3821.85,11
I00719,O00407,P0385,1,258.81,13
I00720,O01210,P0405,2,7611.69,4
I00721,O00292,P0009,3,9014.99,28
I00722,O00818,P0239,4,7157.61,11
I00723,O00852,P0492,2,608.33,30
I00724,O00208,P0152,2,3802.95,11
I00725,O01339,P0447,4,4390.49,19
I00726,O01050,P0283,3,4823.37,29
I00727,O00679,P0100,4,3172.38,16
I00728,O00208,P0075,-2,7468.94,17
I00729,O01044,P0112,3,6343.68,11
I00730,O00685,P0409,1,6167.97,11
I00731,O00754,P0027,5,8032.12,18
I00732,O00999,P0222,1,7660.03,1
I00733,O01160,P0260,5,766.16,30
I00734,O00774,P0170,2,6640.1,14
I00735,O00403,P0048,3,6207.06,8
I00736,O00091,P0156,4,219.94,4
I00737,O00397,P0214,2,8014.77,28
I00738,O01164,P0131,2,9905.22,6
I00739,O00335,P0440,1,470.86,23
I00740,O00449,P0240,4,9159.83,5
I00741,O01371,P0236,4,8135.73,10
I00742,O00763,P0436,5,4742.37,30
I00743,O01123,P0456,3,9023.13,23
I00744,O00669,P0270,3,1640.42,21
I00745,O00572,P0413,5,5979.12,28
I00746,O00046,P0223,2,4885.62,10
I00747,O01484,P0208,5,607.74,18
I00748,O00528,P0055,3,8258.28,17
I00749,O00449,P0451,2,9566.15,14
I00750,O01429,P0278,2,5107.85,13
I00751,O00679,P0154,4,903.18,5
I00752,O01358,P0034,5,7772.16,29
I00753,O00886,P0079,1,4200.81,0
I00754,O00243,P0158,3,2433.25,28
I00755,O00812,P0302,4,2218.88,13
I00756,O01251,P0412,2,1732.45,5
I00757,O00772,P0437,5,920.5,2
I00758,O00018,P0077,1,5449.67,15
I00759,O01429,P0332,1,1603.69,1
I00760,O00067,P0069,1,2985.09,26
I00761,O01434,P0183,3,6693.98,2
I00762,O00635,P0170,1,1089.72,18
I00763,O01259,P0001,1,8232.15,6
I00764,O01005,P0056,2,2746.57,9
I00765,O00147,P0426,5,6166.1,4
I00766,O00533,P0081,1,6470.29,22
I00767,O01243,P0115,5,6921.42,1
I00768,O01362,P0084,4,6979.6,25
I00769,O01043,P0157,4,3007.17,22
I00770,O00482,P0407,4,9847.53,9
I00771,O00945,P0077,3,7062.02,1
I00772,O00242,P0076,1,1165.98,14
I00773,O00151,P0145,2,7726.63,22
I00774,O01472,P0247,3,4409.81,3
I00775,O00620,P0480,5,7120.2,28
I00776,O00746,P0081,4,3968.86,11
I00777,O00517,P0200,1,1946.97,15
I00778,O00815,P0402,4,7120.5,10
I00779,O00670,P0382,4,9670.3,13
I00780,O01161,P0445,3,7028.57,0
I00781,O00852,P0048,2,4920.25,10
I00782,O00288,P0123,2,5176.57,15
I00783,O01477,P0093,3,4236.91,24
I00784,O01457,P0176,1,8022.07,11
I00785,O00989,P0396,-3,8260.81,16
I00786,O00681,P0349,2,6620.79,23
I00787,O00801,P0456,5,5334.48,18
I00788,O00403,P0223,5,7720.15,23
I00789,O01473,P0303,1,5516.52,17
I00790,O00682,P0010,4,4132.63,20
I00791,O00855,P0476,1,4689.08,28
I00792,O00646,P0428,5,5949.85,14
I00793,O01336,P0437,3,483.23,7
I00794,O00544,P0003,5,5354.35,1
I00795,O00921,P0123,2,4030.1,13
I00796,O00561,P0275,1,8162.8,17
I00797,O01311,P0404,-4,3131.42,19
I00798,O01189,P0110,1,5387.49,17
I00799,O00481,P0474,3,9893.84,17
I00800,O01344,P0103,3,240.69,13
I00801,O00503,P0485,1,4850.66,3
I00802,O01498,P0133,2,1773.32,9
I00803,O00874,P0105,3,7318.7,11
I00804,O00592,P0159,1,9979.06,22
I00805,O00157,P0080,5,8744.89,27
I00806,O00136,P0399,1,7726.36,24
I00807,O00233,P0392,3,4567.79,3
I00808,O01095,P0239,5,5156.72,15
I00809,O00171,P0183,5,7911.1,11
I00810,O00388,P0280,2,9454.91,23
I00811,O01271,P0412,1,9697.28,24
I00812,O00333,P0075,1,3486.8,16
I00813,O01294,P0180,5,394.91,27
I00814,O00886,P0054,4,8092.02,24
I00815,O00390,P0318,4,6411.14,24
I00816,O00138,P0500,5,9930.92,7
I00817,O00938,P0199,4,3289.92,11
I00818,O00075,P0232,2,1962.0,18
I00819,O01362,P0479,-3,3788.12,10
I00820,O00016,P0497,4,3220.18,14
I00821,O00197,P0305,1,5253.09,24
I00822,O00970,P0254,1,5580.49,17
I00823,O00067,P0403,3,8368.74,10
I00824,O00872,P0151,2,485.49,3
I00825,O01362,P0494,1,9984.19,22
I00826,O00314,P0144,3,3465.42,13
I00827,O00746,P0039,1,5033.04,23
I00828,O00054,P0146,3,3344.76,22
I00829,O01076,P0309,1,6035.5,3
I00830,O00542,P0394,3,3404.47,28
I00831,O00435,P0299,1,8023.68,7
I00832,O01127,P0387,1,5458.93,27
I00833,O01125,P0479,1,5815.88,22
I00834,O01132,P0337,5,3045.71,28
I00835,O00084,P0160,4,9196.5,13
I00836,O00552,P0380,1,615.33,2
I00837,O01205,P0003,1,1157.6,15
I00838,O00740,P0208,1,5465.45,8
I00839,O01150,P0459,2,7961.66,2
I00840,O01329,P0471,3,5733.25,27
I00841,O00035,P0241,1,2262.34,22
I00842,O01398,P0261,2,2462.01,13
I00843,O00560,P0296,1,7967.14,24
I00844,O00488,P0031,2,4354.26,19
I00845,O01081,P0150,4,3508.25,12
I00846,O01185,P0148,5,2766.67,19
I00847,O00523,P0332,1,6092.03,0
I00848,O00392,P0383,1,2604.07,4
I00849,O01313,P0298,5,1287.77,21
I00850,O00083,P0119,2,9981.64,23
I00851,O01401,P0203,1,1416.32,6
I00852,O01177,P0002,3,6553.34,22
I00853,O00029,P0212,1,1158.84,6
I00854,O01484,P0332,4,7877.42,27
I00855,O00842,P0194,3,6629.25,21
I00856,O00413,P0440,3,6387.01,6
I00857,O01364,P0440,4,9472.98,7
I00858,O00561,P0224,4,584.44,0
I00859,O00126,P0401,4,8900.47,1
I00860,O00418,P0212,4,1193.12,9
I00861,O00363,P0219,2,7713.63,15
I00862,O00931,P0179,5,3101.64,7
I00863,O00565,P0430,4,4820.67,12
I00864,O00452,P0225,3,9057.58,0
I00865,O00788,P0113,2,9866.28,17
I00866,O00297,P0057,5,2749.99,11
I00867,O00203,P0140,5,8633.82,16
I00868,O00042,P0033,3,5714.84,28
I00869,O00580,P0130,1,8116.13,24
I00870,O01177,P0410,5,9251.86,29
I00871,O01083,P0002,2,1576.05,0
I00872,O01135,P0215,3,5722.72,0
I00873,O00223,P0376,4,3132.75,24
I00874,O00557,P0301,4,2074.72,12
I00875,O00731,P0050,5,3861.22,19
I00876,O00666,P0024,2,8592.18,11
I00877,O01091,P0171,4,4982.19,13
I00878,O00157,P0053,-5,5695.07,4
I00879,O00090,P0105,2,4724.12,17
I00880,O01124,P0226,1,7212.47,7
I00881,O00199,P0019,2,2638.92,29
I00882,O00575,P0330,5,5927.4,14
I00883,O00485,P0314,2,1275.91,25
I00884,O01100,P0383,3,6328.16,24
I00885,O01412,P0142,2,5456.64,21
I00886,O01003,P0419,1,9923.34,25
I00887,O00205,P0046,4,5086.63,7
I00888,O00875,P0357,5,3554.69,11
I00889,O00337,P0014,4,7415.12,20
I00890,O00564,P0099,-5,1803.48,5
I00891,O00368,P0101,2,8290.05,6
I00892,O00126,P0339,2,4549.72,19
I00893,O01487,P0468,2,7268.21,11
I00894,O00885,P0079,3,6910.38,26
I00895,O00016,P0088,2,3807.9,17
I00896,O00861,P0056,2,939.79,5
I00897,O00851,P0056,2,4402.72,22
I00898,O01066,P0366,2,5594.47,21
I00899,O01212,P0461,5,9622.72,18
I00900,O00323,P0425,3,9972.45,17
I00901,O00920,P0218,5,1804.14,26
I00902,O00533,P0311,4,2220.06,23
I00903,O00606,P0193,1,7748.32,14
I00904,O00237,P0408,1,6975.72,28
I00905,O01435,P0274,1,9500.67,3
I00906,O01331,P0298,5,7153.24,26
I00907,O00369,P0276,2,8770.41,25
I00908,O00104,P0261,2,8597.2,17
I00909,O01132,P0043,1,3457.21,17
I00910,O00681,P0282,1,1448.18,5
I00911,O00421,P0072,1,8048.41,7
I00912,O01280,P0227,1,807.21,23
I00913,O00660,P0236,5,1729.88,8
I00914,O00024,P0400,-3,370.49,21
I00915,O01481,P0016,1,927.97,5
I00916,O01409,P0098,5,4859.72,25
I00917,O01104,P0332,1,3778.24,25
I00918,O00307,P0181,-5,3197.16,21
I00919,O01033,P0331,1,2969.63,9
I00920,O01118,P0417,3,1564.64,21
I00921,O00589,P0252,5,5270.0,24
I00922,O00592,P0257,1,6254.38,1
I00923,O00083,P0260,3,4403.43,0
I00924,O00006,P0339,1,2686.72,7
I00925,O00700,P0046,4,3678.52,16
I00926,O00830,P0194,3,5673.71,7
I00927,O00552,P0262,4,2355.66,10
I00928,O00750,P0159,3,8233.62,25
I00929,O00086,P0283,5,7171.45,20
I00930,O00426,P0124,4,4160.82,27
I00931,O01266,P0182,5,7886.58,0
I00932,O01077,P0095,5,1345.09,1
I00933,O00251,P0444,3,3977.6,26
I00934,O01139,P0469,5,5339.97,0
I00935,O00530,P0493,3,8583.76,5
I00936,O01021,P0451,5,9315.91,16
I00937,O00385,P0271,2,6512.65,12
I00938,O01379,P0034,3,1500.86,12
I00939,O01487,P0088,5,5265.06,20
I00940,O00325,P0011,3,2502.89,13
I00941,O01486,P0433,2,5330.38,6
I00942,O00516,P0043,1,4673.46,1
I00943,O01294,P0200,4,1651.05,30
I00944,O00087,P0096,3,4092.46,7
I00945,O01400,P0096,3,3008.95,30
I00946,O00963,P0194,1,3146.52,25
I00947,O01051,P0295,3,9603.72,16
I00948,O00047,P0396,5,2336.08,3
I00949,O01429,P0257,3,5235.59,26
I00950,O00275,P0239,3,6139.94,22
I00951,O00697,P0020,1,2967.99,20
I00952,O00597,P0123,1,2125.93,6
I00953,O00728,P0100,2,8302.4,8
I00954,O01452,P0063,5,4007.73,7
I00955,O00185,P0049,2,7141.92,14
I00956,O00254,P0279,5,578.47,6
I00957,O01293,P0348,2,2060.1,6
I00958,O00662,P0116,2,488.19,13
I00959,O00172,P0471,1,7525.42,24
I00960,O00671,P0200,5,1043.55,30
I00961,O01132,P0369,5,8653.76,28
I00962,O00379,P0107,-1,8221.45,25
I00963,O00686,P0399,1,4208.72,17
I00964,O01073,P0474,2,229.89,22
I00965,O01305,P0360,4,5023.78,23
I00966,O01221,P0062,3,9607.65,29
I00967,O01272,P0349,4,2215.65,11
I00968,O00275,P0454,5,673.66,9
I00969,O00253,P0446,5,5307.02,24
I00970,O01105,P0150,5,2335.86,12
I00971,O00055,P0301,5,1479.01,13
I00972,O01481,P0081,2,9421.84,19
I00973,O00151,P0123,5,4567.79,10
I00974,O00189,P0131,3,9344.4,22
I00975,O01098,P0209,3,9412.61,1
I00976,O00692,P0122,3,4974.52,12
I00977,O00095,P0266,4,6967.49,3
I00978,O00037,P0481,2,517.37,6
I00979,O00417,P0185,1,3966.84,28
I00980,O00056,P0198,5,1624.52,14
I00981,O00436,P0052,1,9532.59,24
I00982,O00698,P0183,2,615.32,13
I00983,O00894,P0293,5,1176.86,20
I00984,O01150,P0330,4,9033.94,19
I00985,O00541,P0149,2,7521.67,1
I00986,O01136,P0003,1,7958.73,14
I00987,O00487,P0245,2,8642.05,29
I00988,O01083,P0070,5,4133.83,6
I00989,O01259,P0371,2,1328.96,3
I00990,O01422,P0010,3,6096.25,1
I00991,O01157,P0298,5,7104.72,25
I00992,O00373,P0479,3,256.16,14
I00993,O00340,P0207,3,7586.57,22
I00994,O01282,P0216,5,7689.62,18
I00995,O01346,P0152,4,8319.79,20
I00996,O01495,P0347,5,6814.97,27
I00997,O01070,P0152,4,1537.29,25
I00998,O01305,P0488,3,5730.74,4
I00999,O00603,P0011,3,7745.77,28
I01000,O00399,P0489,3,1833.72,6
I01001,O00457,P0151,1,7827.23,24
I01002,O01147,P0492,4,9381.54,13
I01003,O01143,P0243,5,1634.51,20
I01004,O00856,P0498,1,8926.91,20
I01005,O00443,P0159,4,5660.43,23
I01006,O00452,P0167,2,6734.45,19
I01007,O01066,P0071,3,6606.87,17
I01008,O00584,P0424,1,130.42,11
I01009,O00242,P0073,4,9032.26,18
I01010,O00062,P0282,5,8065.39,25
I01011,O00735,P0279,2,6797.89,13
I01012,O01128,P0196,3,5771.84,11
I01013,O00444,P0008,4,5661.76,25
I01014,O01405,P0452,4,1542.6,6
I01015,O00690,P0473,5,7529.18,8
I01016,O00817,P0278,2,1574.63,18
I01017,O00557,P0321,3,9000.04,27
I01018,O00337,P0245,1,7548.1,0
I01019,O01053,P0223,1,6043.89,29
I01020,O00113,P0060,4,8353.73,24
I01021,O00154,P0042,4,6716.32,26
I01022,O00053,P0025,5,9458.9,12
I01023,O01328,P0143,5,893.03,20
I01024,O00659,P0028,5,4586.06,24
I01025,O01069,P0101,2,8731.22,30
I01026,O01285,P0074,4,597.96,11
I01027,O00554,P0009,2,8967.61,14
I01028,O00801,P0084,4,676.0,30
I01029,O01487,P0207,4,7653.37,13
I01030,O00706,P0010,2,5599.1,2
I01031,O00972,P0473,4,3906.28,1
I01032,O01233,P0035,2,7714.22,8
I01033,O01074,P0346,1,5382.01,2
I01034,O00930,P0119,2,982.95,4
I01035,O00351,P0104,3,3512.94,30
I01036,O01116,P0475,4,883.59,0
I01037,O00337,P0348,2,1106.4,19
I01038,O00231,P0113,-2,7528.34,7
I01039,O00651,P0068,5,4730.5,17
I01040,O00771,P0063,5,1984.83,14
I01041,O01117,P0152,1,3140.27,18
I01042,O00346,P0443,1,5830.18,1
I01043,O00603,P0262,2,525.71,26
I01044,O00584,P0028,1,2441.42,6
I01045,O00816,P0241,3,5388.4,29
I01046,O01024,P0342,2,5182.57,29
I01047,O00331,P0328,2,1013.46,15
I01048,O00374,P0053,5,6319.83,8
I01049,O00860,P0088,5,5767.95,10
I01050,O01407,P0311,4,4435.52,24
I01051,O00475,P0448,4,8243.19,7
I01052,O00363,P0279,1,6847.16,10
I01053,O00469,P0294,-4,7527.69,30
I01054,O01440,P0302,1,5491.52,20
I01055,O00244,P0233,4,4835.38,1
I01056,O01017,P0121,4,9013.09,16
I01057,O00032,P0187,2,7668.91,12
I01058,O01350,P0431,5,1792.31,7
I01059,O00327,P0045,3,9922.29,21
I01060,O00687,P0277,-3,9889.85,29
I01061,O00830,P0292,1,1588.37,2
I01062,O00357,P0038,5,9818.85,4
I01063,O00936,P0387,3,5982.29,1
I01064,O01397,P0138,5,2428.67,19
I01065,O01120,P0445,5,260.05,5
I01066,O00078,P0436,2,3375.73,1
I01067,O00471,P0340,5,8433.46,13
I01068,O00514,P0260,5,9693.75,20
I01069,O01241,P0173,2,8476.74,19
I01070,O00136,P0332,5,931.74,11
I01071,O01040,P0235,4,9628.06,24
I01072,O00904,P0047,1,3633.68,5
I01073,O00823,P0230,2,3965.91,6
I01074,O01345,P0096,5,359.56,19
I01075,O00160,P0494,4,6178.84,23
I01076,O01090,P0253,4,3906.3,4
I01077,O00894,P0259,5,5022.54,27
I01078,O00266,P0164,2,5209.56,6
I01079,O00079,P0405,4,6468.73,10
I01080,O01318,P0096,-5,6855.15,25
I01081,O01425,P0138,2,8841.9,21
I01082,O00800,P0196,3,7304.12,10
I01083,O00063,P0345,4,1335.77,8
I01084,O00702,P0437,5,3807.84,8
I01085,O00806,P0236,2,5976.59,6
I01086,O01253,P0151,2,1938.32,7
I01087,O01180,P0434,2,2765.6,12
I01088,O00399,P0280,2,9608.7,29
I01089,O00697,P0208,5,1727.77,2
I01090,O00692,P0370,3,9894.87,15
I01091,O00704,P0200,2,1760.03,18
I01092,O01207,P0114,2,8696.51,7
I01093,O01406,P0190,3,1111.99,27
I01094,O01456,P0201,5,3755.39,0
I01095,O00792,P0487,4,8516.21,10
I01096,O00999,P0396,1,6833.02,26
I01097,O00398,P0157,3,6318.46,3
I01098,O00153,P0475,5,8340.73,29
I01099,O00338,P0025,4,2071.56,26
I01100,O00552,P0407,3,473.14,26
I01101,O00630,P0046,3,3319.94,14
I01102,O00672,P0104,1,1161.5,23
I01103,O00440,P0419,2,4252.89,23
I01104,O00873,P0230,5,8530.44,1
I01105,O00545,P0488,1,8481.39,22
I01106,O00179,P0019,1,7785.7,5
I01107,O01084,P0486,4,9976.18,22
I01108,O01150,P0031,5,6090.21,26
I01109,O00014,P0140,2,3673.77,7
I01110,O00714,P0206,5,1711.62,4
I01111,O00877,P0214,3,677.85,10
I01112,O00922,P0276,5,4477.79,9
I01113,O01447,P0173,2,5151.06,23
I01114,O00696,P0376,3,5924.38,30
I01115,O00650,P0404,3,7155.49,19
I01116,O00264,P0156,3,9584.25,29
I01117,O01420,P0220,1,9855.32,0
I01118,O00013,P0452,2,490.08,4
I01119,O00471,P0301,3,6508.67,7
I01120,O00269,P0330,1,8785.98,28
I01121,O00650,P0036,1,2162.6,10
I01122,O01069,P0105,3,6370.84,13
I01123,O01397,P0052,5,2910.7,9
I01124,O00785,P0198,5,5905.69,22
I01125,O01414,P0480,4,2298.65,14
I01126,O00600,P0330,4,4191.47,23
I01127,O01056,P0379,1,7066.47,29
I01128,O00143,P0270,3,2262.54,26
I01129,O00217,P0378,2,1423.89,26
I01130,O01243,P0074,1,8798.77,20
I01131,O01279,P0048,1,683.95,23
I01132,O01065,P0126,1,4212.14,15
I01133,O01133,P0238,2,3515.57,17
I01134,O00828,P0266,2,7091.05,21
I01135,O00371,P0461,4,3565.87,14
I01136,O00744,P0288,3,6314.57,15
I01137,O01170,P0483,2,423.67,4
I01138,O01372,P0380,5,4590.38,28
I01139,O00210,P0201,5,625.65,27
I01140,O00248,P0331,2,4740.85,2
I01141,O00407,P0227,4,7893.4,23
I01142,O01343,P0299,2,9669.54,30
I01143,O00354,P0080,1,5808.82,18
I01144,O00844,P0452,5,1794.81,3
I01145,O01347,P0438,4,5893.25,20
I01146,O01128,P0074,3,2440.9,5
I01147,O01439,P0494,3,2520.76,18
I01148,O01139,P0482,5,3149.81,13
I01149,O01321,P0238,1,7397.44,28
I01150,O00806,P0149,4,2546.64,0
I01151,O00520,P0296,5,8126.56,24
I01152,O01485,P0060,4,1886.56,14
I01153,O01193,P0225,5,126.61,18
I01154,O00332,P0029,2,3377.99,21
I01155,O01080,P0467,5,5027.24,3
I01156,O00670,P0071,2,5837.83,17
I01157,O00306,P0015,5,8141.98,24
I01158,O00747,P0204,1,7319.11,23
I01159,O00355,P0020,1,8845.38,8
I01160,O01405,P0454,5,4709.46,16
I01161,O00898,P0179,5,6867.61,22
I01162,O00732,P0095,3,2444.28,17
I01163,O00083,P0104,4,271.64,9
I01164,O01322,P0042,2,8165.26,27
I01165,O00943,P0035,5,3534.19,27
I01166,O01491,P0293,2,8995.54,27
I01167,O00306,P0330,-1,5814.17,24
I01168,O01360,P0013,5,1015.5,6
I01169,O01048,P0099,4,661.22,26
I01170,O01181,P0213,2,9922.57,2
I01171,O01024,P0048,2,6126.1,3
I01172,O01297,P0078,2,7344.38,3
I01173,O01407,P0474,2,7033.98,14
I01174,O01353,P0072,4,629.68,19
I01175,O00784,P0207,1,1134.6,29
I01176,O01265,P0370,2,415.98,4
I01177,O01084,P0390,3,4432.61,7
I01178,O01495,P0110,2,466.53,18
I01179,O00691,P0107,2,5407.87,21
I01180,O01363,P0416,2,3084.51,16
I01181,O00578,P0091,1,1094.54,9
I01182,O01399,P0203,1,6290.95,4
I01183,O01181,P0341,3,3333.73,4
I01184,O00770,P0066,2,269.44,26
I01185,O00752,P0496,5,3564.76,12
I01186,O01342,P0001,1,8073.09,6
I01187,O00263,P0399,5,6976.15,15
I01188,O00469,P0497,1,4591.97,4
I01189,O00736,P0282,3,3333.73,11
I01190,O00267,P0109,4,8478.79,8
I01191,O00320,P0014,1,1494.37,15
I01192,O00742,P0315,1,1703.34,7
I01193,O00124,P0086,5,6030.76,1
I01194,O00175,P0221,4,4319.37,18
I01195,O00267,P0065,1,8614.11,16
I01196,O00535,P0488,1,8654.15,26
I01197,O01455,P0444,1,2926.01,7
I01198,O01262,P0186,1,9089.01,12
I01199,O01311,P0232,4,3748.8,28
I01200,O00760,P0227,3,5942.22,24
I01201,O00871,P0432,3,1807.58,7
I01202,O00218,P0071,3,8384.03,8
I01203,O00227,P0023,4,5593.92,24
I01204,O01054,P0063,1,483.43,0
I01205,O00206,P0231,4,4046.52,24
I01206,O00868,P0265,1,521.97,0
I01207,O01489,P0344,5,3725.81,3
I01208,O01475,P0056,2,9744.59,22
I01209,O00401,P0261,1,520.26,14
I01210,O00947,P0365,1,2368.97,2
I01211,O00590,P0185,1,9702.7,30
I01212,O00409,P0411,3,4066.11,3
I01213,O01158,P0223,-2,1899.09,17
I01214,O00916,P0219,5,7063.74,19
I01215,O00419,P0062,3,5656.45,10
I01216,O00411,P0311,2,4085.54,26
I01217,O00896,P0456,4,3996.88,26
I01218,O01199,P0033,2,5293.7,26
I01219,O00973,P0010,2,417.64,8
I01220,O00206,P0160,4,9654.3,20
I01221,O00139,P0408,-5,1253.15,14
I01222,O00958,P0064,5,9147.9,1
I01223,O00538,P0300,1,2435.92,24
I01224,O01465,P0289,5,7597.14,27
I01225,O00646,P0128,3,6710.33,22
I01226,O00353,P0022,1,2629.66,19
I01227,O01208,P0153,5,6501.18,19
I01228,O00809,P0402,4,6100.48,15
I01229,O00407,P0238,2,5944.14,21
I01230,O00783,P0309,1,5609.77,9
I01231,O00783,P0490,1,1085.81,6
I01232,O00101,P0249,4,4850.93,8
I01233,O00357,P0391,2,3290.96,5
I01234,O01056,P0343,2,5950.65,9
I01235,O00234,P0313,5,4516.07,0
I01236,O00541,P0085,1,8845.91,27
I01237,O00957,P0027,-2,5204.16,26
I01238,O00217,P0046,5,4166.34,26
I01239,O01351,P0015,2,6345.16,21
I01240,O01118,P0484,3,9735.07,2
I01241,O01438,P0385,2,6190.57,16
I01242,O01198,P0230,5,9018.24,28
I01243,O00911,P0493,1,321.89,26
I01244,O01204,P0494,5,2968.69,21
I01245,O00145,P0497,5,5511.52,12
I01246,O00284,P0083,3,7602.54,14
I01247,O00478,P0293,3,9830.27,16
I01248,O00024,P0277,3,1808.49,25
I01249,O00096,P0215,1,4795.65,15
I01250,O00369,P0432,1,1970.25,18
I01251,O00826,P0047,1,7669.63,21
I01252,O01047,P0457,1,5046.88,26
I01253,O00339,P0308,5,6737.08,17
I01254,O01488,P0386,5,3981.83,30
I01255,O00103,P0137,4,527.03,11
I01256,O00530,P0464,2,7925.66,25
I01257,O00727,P0219,5,535.81,28
I01258,O00363,P0250,5,2912.76,28
I01259,O00683,P0371,5,3836.13,3
I01260,O01349,P0344,4,6447.65,5
I01261,O01239,P0475,3,4274.16,20
I01262,O00771,P0197,3,5513.3,23
I01263,O00880,P0014,3,2729.88,16
I01264,O00910,P0006,3,1614.2,10
I01265,O00328,P0478,1,3620.16,24
I01266,O00833,P0141,2,5471.93,4
I01267,O01176,P0492,1,7914.51,7
I01268,O01091,P0357,3,5067.91,19
I01269,O00282,P0133,1,4012.37,4
I01270,O01180,P0035,5,4306.65,19
I01271,O00152,P0110,1,9987.24,3
I01272,O01485,P0128,5,3641.7,24
I01273,O00335,P0421,5,8744.01,22
I01274,O00437,P0244,4,7225.17,28
I01275,O00510,P0023,1,9191.67,10
I01276,O00821,P0171,5,7819.61,22
I01277,O00738,P0465,1,9565.87,24
I01278,O00537,P0064,3,6201.17,13
I01279,O00396,P0357,3,2962.61,0
I01280,O00130,P0241,5,7580.49,15
I01281,O00260,P0359,1,2661.05,17
I01282,O01292,P0022,5,5512.37,30
I01283,O00946,P0427,1,5556.41,3
I01284,O00555,P0212,3,5218.02,3
I01285,O01275,P0095,2,9199.26,20
I01286,O01119,P0217,4,6203.03,17
I01287,O00510,P0358,5,9755.03,12
I01288,O00639,P0477,5,5116.56,18
I01289,O00185,P0168,3,3468.82,8
I01290,O00101,P0057,3,1328.76,4
I01291,O00120,P0433,5,6905.78,15
I01292,O00782,P0456,3,6978.19,11
I01293,O00161,P0217,1,6859.38,1
I01294,O01102,P0386,2,7735.79,25
I01295,O00644,P0128,4,4166.82,22
I01296,O01187,P0134,2,3343.77,19
I01297,O00016,P0026,1,345.25,20
I01298,O00279,P0153,5,5350.49,18
I01299,O00601,P0472,3,3825.72,12
I01300,O01141,P0315,3,4405.59,15
I01301,O00893,P0135,4,1702.11,26
I01302,O00746,P0251,3,7587.04,10
I01303,O01170,P0231,5,7846.92,9
I01304,O00394,P0401,3,5113.58,19
I01305,O00497,P0439,1,7844.08,8
I01306,O00268,P0438,4,6371.98,24
I01307,O00593,P0028,4,1173.15,20
I01308,O00711,P0118,3,9260.99,0
I01309,O00383,P0061,4,1831.59,9
I01310,O00926,P0220,2,9646.91,15
I01311,O00276,P0392,4,3228.45,2
I01312,O00162,P0091,-4,2881.21,3
I01313,O01031,P0418,1,9569.8,17
I01314,O00123,P0004,5,7628.88,17
I01315,O01206,P0265,1,9821.59,15
I01316,O00262,P0101,4,8758.73,5
I01317,O00734,P0228,5,9314.18,28
I01318,O00560,P0229,1,1435.61,22
I01319,O00337,P0327,4,8138.69,2
I01320,O00338,P0028,2,2118.52,8
I01321,O00981,P0176,2,2356.96,11
I01322,O01091,P0025,5,4665.92,11
I01323,O00543,P0486,2,5189.16,9
I01324,O01142,P0356,2,7536.67,16
I01325,O00742,P0409,3,7548.97,30
I01326,O01385,P0484,3,4349.45,9
I01327,O00957,P0174,3,7423.7,27
I01328,O00158,P0058,2,1485.44,6
I01329,O00917,P0147,2,7720.53,19
I01330,O01272,P0376,4,8174.43,2
I01331,O00816,P0392,4,2142.17,21
I01332,O01390,P0381,3,1746.94,5
I01333,O01137,P0276,1,3857.12,5
I01334,O00725,P0366,1,224.89,17
I01335,O00138,P0311,1,7861.98,30
I01336,O00523,P0169,2,7176.11,6
I01337,O00471,P0167,1,7219.95,16
I01338,O00470,P0170,2,8492.93,28
I01339,O01434,P0404,-3,6380.26,3
I01340,O00812,P0226,5,4794.29,9
I01341,O00871,P0177,5,9890.1,8
I01342,O01373,P0490,3,3658.7,8
I01343,O01089,P0108,4,8212.55,28
I01344,O00974,P0309,3,6233.46,14
I01345,O01315,P0352,5,6544.02,29
I01346,O01221,P0064,3,1556.13,14
I01347,O00524,P0448,5,5434.78,12
I01348,O00872,P0301,5,5324.17,24
I01349,O01415,P0307,2,703.12,10
I01350,O00273,P0429,4,4845.48,8
I01351,O00520,P0193,4,2402.26,25
I01352,O01226,P0277,1,7502.22,12
I01353,O00271,P0464,3,2116.98,17
I01354,O00334,P0267,2,2431.11,18
I01355,O00231,P0331,1,6629.36,15
I01356,O00322,P0484,1,8827.48,6
I01357,O01055,P0474,2,588.82,18
I01358,O00344,P0075,5,1299.15,26
I01359,O00472,P0090,-1,8900.74,0
I01360,O00791,P0237,1,4396.31,3
I01361,O01041,P0431,1,6350.65,21
I01362,O01386,P0247,5,7177.17,3
I01363,O00606,P0097,1,3789.45,25
I01364,O01484,P0121,1,8987.64,9
I01365,O01314,P0484,3,942.02,16
I01366,O00566,P0216,1,7852.08,24
I01367,O00400,P0162,5,3162.37,27
I01368,O01386,P0405,5,1066.82,0
I01369,O00035,P0235,2,8369.48,12
I01370,O00572,P0484,-2,3361.3,23
I01371,O00153,P0170,5,293.5,22
I01372,O01369,P0200,1,4278.61,2
I01373,O01326,P0202,-1,9169.78,9
I01374,O01442,P0431,1,8928.91,30
I01375,O00004,P0414,2,4525.51,10
I01376,O01212,P0138,1,7747.02,15
I01377,O00031,P0189,1,7752.76,24
I01378,O01123,P0104,2,3012.59,4
I01379,O01163,P0290,4,6256.12,5
I01380,O00032,P0271,4,2417.39,13
I01381,O01302,P0290,5,1271.3,16
I01382,O00149,P0187,4,403.29,25
I01383,O00744,P0233,5,8454.54,18
I01384,O00048,P0355,4,5987.55,4
I01385,O00272,P0221,1,8823.68,24
I01386,O01293,P0268,3,5815.39,26
I01387,O00620,P0041,2,5577.63,0
I01388,O00286,P0482,5,821.11,14
I01389,O00644,P0498,3,9577.64,14
I01390,O01447,P0047,4,6742.55,4
I01391,O01234,P0095,4,7862.18,3
I01392,O01321,P0283,5,1532.07,2
I01393,O00825,P0482,5,1463.93,8
I01394,O01236,P0483,2,4827.53,16
I01395,O00110,P0416,5,7100.62,29
I01396,O00751,P0137,3,9170.85,3
I01397,O00602,P0191,5,4912.46,26
I01398,O01036,P0065,1,128.57,18
I01399,O00752,P0255,2,8321.99,22
I01400,O00102,P0033,-5,6357.97,7
I01401,O00109,P0236,3,1799.6,26
I01402,O00963,P0091,2,5080.68,29
I01403,O01477,P0454,5,7896.72,0
I01404,O01066,P0334,1,9458.67,26
I01405,O01411,P0135,5,7199.06,7
I01406,O00860,P0038,1,3955.91,29
I01407,O00765,P0004,5,4866.56,1
I01408,O01314,P0358,3,7555.28,1
I01409,O00762,P0500,1,110.15,5
I01410,O00224,P0418,4,6603.68,10
I01411,O00090,P0381,2,3691.0,30
I01412,O01167,P0070,4,2076.13,1
I01413,O00882,P0304,4,3207.71,0
I01414,O00526,P0464,1,7036.54,20
I01415,O01176,P0403,1,3191.36,22
I01416,O00465,P0416,3,6494.01,25
I01417,O00847,P0304,5,5597.8,6
I01418,O01219,P0132,4,2862.38,15
I01419,O00181,P0492,1,6281.61,23
I01420,O00972,P0104,5,8067.26,25
I01421,O01486,P0397,5,800.16,8
I01422,O00721,P0397,3,5658.66,19
I01423,O00376,P0036,4,4735.89,9
I01424,O01492,P0185,2,4434.72,16
I01425,O00311,P0216,2,5346.4,12
I01426,O00892,P0020,3,7478.79,14
I01427,O00449,P0368,2,9964.91,28
I01428,O01031,P0100,3,5516.91,30
I01429,O00467,P0196,2,9219.26,25
I01430,O00283,P0277,3,569.59,10
I01431,O00910,P0475,1,2839.33,1
I01432,O01270,P0172,4,3589.15,11
I01433,O01157,P0094,4,7318.95,0
I01434,O00683,P0462,5,7680.03,3
I01435,O01434,P0159,1,7333.14,21
I01436,O00479,P0052,5,9515.32,3
I01437,O00795,P0049,4,6050.17,21
I01438,O00605,P0361,1,9430.05,21
I01439,O01440,P0091,4,1765.08,0
I01440,O00760,P0471,4,2414.7,26
I01441,O00171,P0350,3,1853.55,0
I01442,O00374,P0225,1,9021.06,25
I01443,O00122,P0006,5,1663.3,13
I01444,O00228,P0173,1,2224.53,23
I01445,O00711,P0495,2,7999.68,21
I01446,O01298,P0456,5,6214.59,1
I01447,O01009,P0052,4,7673.35,22
I01448,O00950,P0305,2,5552.37,29
I01449,O01209,P0346,3,3724.96,0
I01450,O00135,P0025,2,196.26,12
I01451,O01274,P0111,3,9701.36,24
I01452,O01186,P0061,1,129.74,11
I01453,O00440,P0220,2,551.51,19
I01454,O01112,P0154,3,6305.92,29
I01455,O01340,P0173,1,8816.95,19
I01456,O00736,P0178,2,7623.66,7
I01457,O00698,P0076,3,552.48,12
I01458,O00835,P0494,1,4920.24,30
I01459,O00040,P0204,-5,5754.81,30
I01460,O01120,P0199,5,7199.58,15
I01461,O01425,P0459,3,2492.2,15
I01462,O01394,P0065,5,7194.9,30
I01463,O01168,P0435,2,2960.86,18
I01464,O00043,P0002,3,3987.04,14
I01465,O00322,P0172,4,3348.11,6
I01466,O00023,P0038,2,4982.98,12
I01467,O00802,P0095,3,2930.1,14
I01468,O01193,P0032,5,6314.59,21
I01469,O00307,P0113,5,7913.84,9
I01470,O00143,P0008,3,7398.56,1
I01471,O00864,P0430,5,6799.99,11
I01472,O01108,P0285,-2,9143.89,16
I01473,O00311,P0454,3,9038.24,2
I01474,O00451,P0407,4,1447.2,29
I01475,O01390,P0172,1,9581.11,29
I01476,O01153,P0285,4,7920.55,17
I01477,O01159,P0441,4,1942.07,5
I01478,O00868,P0160,5,1758.12,1
I01479,O00493,P0215,2,6743.26,28
I01480,O01422,P0073,2,4629.97,11
I01481,O00524,P0237,5,9834.7,28
I01482,O00259,P0001,1,9082.58,3
I01483,O00332,P0116,1,7165.57,17
I01484,O00884,P0359,1,9578.61,3
I01485,O00351,P0035,5,3590.46,29
I01486,O01070,P0294,5,9107.62,23
I01487,O01159,P0049,1,4393.98,24
I01488,O00434,P0275,1,3777.14,17
I01489,O01206,P0451,5,3198.18,23
I01490,O00964,P0086,4,7069.38,3
I01491,O00092,P0363,4,598.4,24
I01492,O00981,P0274,3,7679.32,22
I01493,O00138,P0281,5,9792.99,19
I01494,O01192,P0246,2,9002.23,25
I01495,O00637,P0444,5,628.86,3
I01496,O01480,P0387,5,4820.04,0
I01497,O00438,P0315,1,3016.0,4
I01498,O00319,P0031,2,2594.42,8
I01499,O00571,P0336,3,2193.08,4
I01500,O00136,P0216,5,9741.99,30
I01501,O01456,P0101,3,7040.9,21
I01502,O00027,P0066,2,457.55,6
I01503,O01464,P0357,1,1577.75,27
I01504,O00899,P0255,2,3655.84,29
I01505,O00212,P0125,2,3792.01,6
I01506,O00268,P0258,1,1026.02,10
I01507,O00811,P0101,1,128.57,26
I01508,O01219,P0119,1,9355.54,14
I01509,O00815,P0463,4,5887.17,19
I01510,O00146,P0351,5,326.89,5
I01511,O01399,P0453,5,8148.25,23
I01512,O00775,P0443,1,6120.37,27
I01513,O01088,P0112,2,1281.38,25
I01514,O01109,P0421,1,2831.47,19
I01515,O00309,P0291,4,903.48,27
I01516,O00860,P0250,2,238.52,1
I01517,O00755,P0497,3,8428.26,26
I01518,O00084,P0197,4,2415.29,12
I01519,O01049,P0412,2,3997.79,11
I01520,O00588,P0399,1,7654.36,8
I01521,O00904,P0495,3,4371.7,6
I01522,O00387,P0368,3,2324.73,13
I01523,O01326,P0310,-3,3831.6,14
I01524,O00346,P0198,2,1433.43,28
I01525,O00301,P0131,1,2242.78,13
I01526,O00704,P0482,2,6580.01,22
I01527,O00310,P0052,3,6823.86,27
I01528,O00081,P0274,5,7376.03,30
I01529,O01266,P0051,5,7425.06,29
I01530,O00492,P0371,4,3180.24,26
I01531,O01170,P0350,1,3864.64,7
I01532,O00491,P0455,2,1426.38,30
I01533,O00383,P0456,3,3719.77,1
I01534,O00461,P0126,3,2681.35,6
I01535,O00494,P0040,1,878.99,26
I01536,O01084,P0256,3,4116.11,11
I01537,O00957,P0399,3,7304.87,29
I01538,O01023,P0170,5,7981.05,12
I01539,O01476,P0409,5,9904.61,23
I01540,O00739,P0496,3,2475.3,11
I01541,O00555,P0202,5,3927.93,23
I01542,O00783,P0493,5,8088.24,13
I01543,O00260,P0041,2,1853.12,9
I01544,O01429,P0466,-3,178.4,10
I01545,O00628,P0261,5,966.63,10
I01546,O01221,P0074,2,3298.66,30
I01547,O00814,P0155,3,8457.97,5
I01548,O00491,P0007,1,4586.68,8
I01549,O01470,P0302,2,9874.26,8
I01550,O00586,P0027,2,9977.19,30
I01551,O01196,P0101,3,2553.34,28
I01552,O00239,P0155,2,7789.84,28
I01553,O00115,P0232,3,5709.06,7
I01554,O01395,P0463,4,278.91,17
I01555,O01088,P0421,1,3627.05,5
I01556,O00163,P0189,2,7325.91,14
I01557,O01141,P0144,1,3251.52,6
I01558,O01348,P0144,3,7417.33,5
I01559,O01036,P0409,4,4660.48,8
I01560,O01019,P0100,4,6463.88,5
I01561,O00842,P0408,1,3480.23,23
I01562,O00911,P0237,2,4584.37,18
I01563,O00664,P0209,4,1964.17,14
I01564,O00127,P0331,1,8291.41,29
I01565,O00900,P0478,3,5416.4,0
I01566,O01064,P0338,3,9842.43,1
I01567,O00991,P0439,1,6855.94,23
I01568,O00382,P0164,2,4684.84,27
I01569,O00055,P0310,2,3081.13,30
I01570,O00253,P0394,5,9192.88,24
I01571,O01286,P0356,4,959.76,5
I01572,O00406,P0194,1,6262.1,11
I01573,O00801,P0091,2,9074.19,0
I01574,O01179,P0372,5,6348.56,15
I01575,O01473,P0192,2,9666.97,11
I01576,O00304,P0087,2,1592.69,22
I01577,O01262,P0098,4,8946.85,19
I01578,O00589,P0187,5,8543.35,22
I01579,O00462,P0067,2,2343.71,13
I01580,O00072,P0241,1,4031.25,29
I01581,O00941,P0024,1,5163.36,12
I01582,O00248,P0392,5,5106.1,5
I01583,O00203,P0008,2,4964.78,4
I01584,O01321,P0433,4,9526.29,17
I01585,O01144,P0348,2,5646.18,30
I01586,O01010,P0342,2,7958.18,20
I01587,O00537,P0274,4,8609.34,24
I01588,O00665,P0227,4,7562.14,4
I01589,O00444,P0354,2,9826.47,4
I01590,O01042,P0009,2,6383.93,24
I01591,O00316,P0178,5,5646.11,21
I01592,O01362,P0351,5,6350.22,5
I01593,O00725,P0208,2,665.88,5
I01594,O00692,P0109,5,3778.75,1
I01595,O01302,P0405,4,7248.39,27
I01596,O01327,P0059,2,5362.57,8
I01597,O01008,P0142,4,1134.96,7
I01598,O00646,P0118,1,8582.04,30
I01599,O01338,P0288,3,3307.19,0
I01600,O00790,P0090,1,4072.8,1
I01601,O01360,P0205,5,2369.46,26
I01602,O00791,P0033,4,3206.93,8
I01603,O00653,P0129,4,5729.9,25
I01604,O01352,P0035,2,3746.05,13
I01605,O01160,P0393,3,9191.29,10
I01606,O00035,P0292,3,9340.12,2
I01607,O01214,P0109,5,5950.25,14
I01608,O00379,P0031,5,4823.89,0
I01609,O00346,P0223,-2,9766.3,21
I01610,O01336,P0255,1,1051.33,23
I01611,O00151,P0482,1,2097.67,7
I01612,O01271,P0207,4,4681.3,18
I01613,O01160,P0489,4,5279.88,6
I01614,O01005,P0458,1,4890.34,2
I01615,O00380,P0068,5,4434.71,12
I01616,O00695,P0357,1,5810.08,16
I01617,O01329,P0279,5,4261.53,7
I01618,O01403,P0293,2,9011.08,22
I01619,O01235,P0047,3,6336.66,12
I01620,O00064,P0489,3,5173.69,23
I01621,O00373,P0120,5,1334.42,1
I01622,O00142,P0181,2,8437.43,24
I01623,O00775,P0140,3,9932.55,18
I01624,O00582,P0246,4,168.19,1
I01625,O01150,P0238,1,4016.87,9
I01626,O00892,P0255,5,4069.05,18
I01627,O00634,P0454,4,9415.86,13
I01628,O00712,P0219,2,6937.2,1
I01629,O00068,P0012,3,4126.39,11
I01630,O00964,P0102,3,472.59,23
I01631,O01158,P0219,4,6202.94,30
I01632,O00226,P0452,4,6386.4,20
I01633,O01426,P0195,3,2305.13,6
I01634,O01216,P0239,1,7218.26,5
I01635,O00331,P0271,3,1694.91,13
I01636,O00481,P0041,2,8547.92,19
I01637,O01272,P0436,3,5639.95,18
I01638,O00715,P0473,3,2888.76,21
I01639,O00677,P0386,4,2691.08,28
I01640,O00630,P0364,3,2648.24,2
I01641,O00811,P0292,3,9287.23,18
I01642,O00497,P0427,2,7086.3,27
I01643,O00924,P0146,3,2341.51,28
I01644,O00541,P0009,3,5305.66,21
I01645,O00460,P0025,5,5973.88,16
I01646,O01481,P0245,4,7263.11,6
I01647,O01092,P0329,5,7728.32,16
I01648,O00553,P0052,5,2566.85,3
I01649,O01170,P0229,1,1377.98,22
I01650,O00981,P0390,2,529.18,10
I01651,O01063,P0179,3,2007.89,20
I01652,O00968,P0410,4,5897.49,27
I01653,O00021,P0022,2,3087.54,18
I01654,O00782,P0476,4,734.47,23
I01655,O00112,P0422,5,371.12,28
I01656,O00236,P0105,3,7365.0,14
I01657,O00730,P0271,3,7099.09,12
I01658,O00691,P0322,2,6807.65,15
I01659,O00882,P0498,1,8081.03,29
I01660,O00141,P0134,5,7087.58,17
I01661,O01425,P0168,3,4025.83,7
I01662,O01111,P0282,1,3772.77,28
I01663,O00376,P0098,2,8305.25,5
I01664,O00510,P0100,2,3169.27,9
I01665,O00426,P0336,2,1167.04,9
I01666,O01463,P0297,2,4215.28,23
I01667,O01107,P0426,4,377.4,17
I01668,O00289,P0292,3,8617.52,12
I01669,O00314,P0454,5,8066.7,2
I01670,O00586,P0033,4,4711.58,6
I01671,O00653,P0030,1,1636.14,17
I01672,O00335,P0083,3,8169.16,19
I01673,O00693,P0093,3,4539.71,10
I01674,O00274,P0267,2,9940.76,19
I01675,O00034,P0069,-2,3368.87,18
I01676,O00021,P0118,1,317.47,6
I01677,O00904,P0035,3,7367.23,3
I01678,O00748,P0478,4,8176.27,14
I01679,O00980,P0313,4,6138.62,24
I01680,O00117,P0089,3,2852.14,11
I01681,O00355,P0467,2,2385.22,18
I01682,O00999,P0088,5,2426.38,6
I01683,O00270,P0024,3,1357.85,9
I01684,O01191,P0415,4,7439.85,29
I01685,O01470,P0084,1,9580.36,21
I01686,O00765,P0030,2,4449.53,28
I01687,O00531,P0339,4,8842.67,14
I01688,O00976,P0329,1,6397.02,15
I01689,O00848,P0055,3,6260.76,26
I01690,O00375,P0474,5,2710.73,12
I01691,O00466,P0275,3,8736.73,14
I01692,O00961,P0323,2,1568.55,16
I01693,O00649,P0307,1,497.02,30
I01694,O00703,P0198,5,4002.61,17
I01695,O01039,P0372,3,7421.03,30
I01696,O01285,P0097,2,4568.56,24
I01697,O00205,P0067,1,936.91,1
I01698,O01052,P0022,1,2433.49,11
I01699,O01258,P0026,5,6729.14,28
I01700,O00102,P0442,1,8261.35,9
I01701,O00462,P0307,1,1595.4,3
I01702,O01265,P0129,5,6975.0,5
I01703,O00225,P0253,5,1110.03,5
I01704,O00795,P0384,2,2619.82,7
I01705,O00335,P0011,5,3671.09,9
I01706,O00770,P0091,2,3831.15,10
I01707,O01324,P0196,3,8514.97,6
I01708,O00004,P0355,2,5441.83,6
I01709,O00603,P0155,2,4483.9,28
I01710,O01063,P0256,1,5134.89,18
I01711,O00952,P0011,-3,8063.95,0
I01712,O00774,P0393,3,5124.12,11
I01713,O00642,P0098,1,7901.43,14
I01714,O01438,P0463,4,1898.43,13
I01715,O01225,P0380,2,3233.67,7
I01716,O01020,P0243,3,3257.18,5
I01717,O01162,P0079,2,273.61,2
I01718,O00172,P0073,4,8114.26,4
I01719,O01173,P0372,1,9281.72,4
I01720,O00147,P0166,5,9248.2,30
I01721,O00311,P0303,4,3245.69,24
I01722,O00893,P0126,5,4686.4,23
I01723,O00353,P0424,2,6261.99,9
I01724,O00773,P0039,2,3418.72,8
I01725,O01324,P0343,5,5557.13,3
I01726,O00220,P0115,2,6581.54,24
I01727,O01176,P0274,1,8531.51,7
I01728,O01316,P0043,2,1850.12,4
I01729,O00355,P0401,1,855.07,23
I01730,O00231,P0365,3,3787.65,4
I01731,O01098,P0256,4,9915.2,9
I01732,O01194,P0057,1,5355.3,8
I01733,O00798,P0159,5,9889.34,24
I01734,O01380,P0001,2,521.54,12
I01735,O01030,P0469,2,9331.14,14
I01736,O00643,P0267,5,3340.19,23
I01737,O00578,P0485,4,8715.14,23
I01738,O00244,P0306,3,4409.91,4
I01739,O00370,P0058,2,6144.1,22
I01740,O00367,P0039,4,2013.75,0
I01741,O00094,P0146,3,1714.64,8
I01742,O00231,P0145,5,7354.12,30
I01743,O01164,P0396,5,8632.54,27
I01744,O01260,P0229,1,1618.9,24
I01745,O01217,P0314,4,2849.08,22
I01746,O00330,P0264,5,7013.26,3
I01747,O00450,P0449,-5,4376.71,13
I01748,O00345,P0362,1,121.1,0
I01749,O00331,P0277,3,3432.94,17
I01750,O00198,P0002,4,3285.48,1
I01751,O00554,P0126,3,8874.33,28
I01752,O00004,P0479,2,3617.25,22
I01753,O01262,P0088,2,6633.85,18
I01754,O00924,P0204,5,5386.42,13
I01755,O00894,P0478,2,2516.25,7
I01756,O00424,P0452,2,8733.6,19
I01757,O00418,P0110,4,8164.12,13
I01758,O01301,P0059,1,8844.4,30
I01759,O00825,P0091,5,4036.73,3
I01760,O00625,P0495,2,7792.02,0
I01761,O01360,P0259,1,7931.91,6
I01762,O00313,P0051,2,6762.97,27
I01763,O00459,P0179,5,8987.34,14
I01764,O00130,P0271,5,4821.02,22
I01765,O00988,P0253,1,3917.86,20
I01766,O01289,P0371,1,3765.32,18
I01767,O01103,P0268,-2,1094.47,20
I01768,O00154,P0319,3,1361.61,19
I01769,O00240,P0236,4,9190.39,22
I01770,O01216,P0215,1,5837.6,17
I01771,O00613,P0180,2,6641.34,5
I01772,O01499,P0078,1,7044.8,12
I01773,O00818,P0274,3,3906.27,5
I01774,O01178,P0425,5,1032.59,10
I01775,O01264,P0260,4,5972.45,28
I01776,O00458,P0309,2,2801.0,13
I01777,O00611,P0454,1,1451.39,27
I01778,O00550,P0322,-5,4804.28,24
I01779,O01209,P0156,5,723.0,14
I01780,O00993,P0012,5,5668.12,17
I01781,O01405,P0349,5,5030.5,17
I01782,O01170,P0146,3,4115.72,2
I01783,O01246,P0411,5,5090.28,9
I01784,O00497,P0148,1,8405.07,16
I01785,O01191,P0275,3,8103.43,3
I01786,O01197,P0274,4,376.75,9
I01787,O01239,P0086,-3,6662.53,16
I01788,O00670,P0495,4,1791.92,26
I01789,O00286,P0493,1,4640.94,12
I01790,O01233,P0462,4,705.94,26
I01791,O01095,P0427,5,2601.36,16
I01792,O00002,P0285,1,8784.87,18
I01793,O01364,P0412,5,507.38,15
I01794,O01108,P0283,3,2445.92,19
I01795,O00218,P0284,4,3541.57,27
I01796,O00916,P0404,-2,3768.52,0
I01797,O00095,P0348,-1,3514.64,12
I01798,O01222,P0183,4,6485.99,0
I01799,O00199,P0286,3,2684.49,18
I01800,O01109,P0341,2,8462.24,9
I01801,O00107,P0258,4,7635.58,29
I01802,O01088,P0242,1,1703.76,28
I01803,O01293,P0385,1,2120.04,11
I01804,O00556,P0471,1,3026.7,30
I01805,O01220,P0481,3,528.33,15
I01806,O00865,P0287,3,9033.63,12
I01807,O00080,P0194,3,1503.46,24
I01808,O00705,P0313,2,6013.83,27
I01809,O00872,P0394,4,1864.78,30
I01810,O00017,P0170,2,2435.53,29
I01811,O00061,P0133,3,5039.15,15
I01812,O00591,P0351,4,7876.13,11
I01813,O00896,P0168,5,1790.15,27
I01814,O00641,P0004,2,4942.08,2
I01815,O01493,P0179,2,2259.8,5
I01816,O00511,P0202,5,1364.49,5
I01817,O00140,P0476,1,7199.6,15
I01818,O01311,P0074,2,6369.74,14
I01819,O00555,P0275,4,6461.13,23
I01820,O01139,P0165,2,7152.42,10
I01821,O00371,P0300,5,6719.07,5
I01822,O00641,P0052,3,4120.19,16
I01823,O01260,P0044,3,4541.4,1
I01824,O01084,P0437,3,6403.65,11
I01825,O00530,P0230,3,4595.67,8
I01826,O00750,P0327,4,2226.76,24
I01827,O01084,P0375,2,7459.16,23
I01828,O00945,P0061,3,3628.43,9
I01829,O00533,P0149,5,8489.31,19
I01830,O00474,P0251,2,5154.4,0
I01831,O01086,P0112,2,4270.72,27
I01832,O00491,P0423,1,6478.67,29
I01833,O00875,P0480,5,470.6,15
I01834,O00359,P0416,5,9144.73,2
I01835,O00983,P0279,3,4804.66,0
I01836,O00891,P0095,3,3228.1,2
I01837,O00912,P0355,3,3126.72,10
I01838,O01493,P0116,2,4878.05,25
I01839,O01049,P0290,5,8648.42,11
I01840,O00386,P0150,4,2864.24,12
I01841,O00982,P0227,4,7448.84,29
I01842,O00815,P0302,2,9328.21,9
I01843,O00812,P0070,2,5917.84,18
I01844,O01289,P0407,3,4357.12,28
I01845,O01204,P0295,3,5899.79,0
I01846,O01091,P0305,1,5585.63,15
I01847,O01089,P0464,2,2416.13,29
I01848,O01443,P0044,3,5449.0,13
I01849,O00589,P0088,5,6540.46,12
I01850,O01054,P0398,3,5215.36,19
I01851,O01194,P0190,5,4436.6,17
I01852,O01005,P0169,3,6387.58,18
I01853,O00259,P0485,3,5231.3,3
I01854,O00294,P0037,5,4466.96,18
I01855,O01248,P0339,4,8982.22,27
I01856,O00613,P0271,1,5450.43,20
I01857,O00926,P0461,5,911.3,0
I01858,O01084,P0154,3,9167.45,8
I01859,O00545,P0407,3,9267.05,13
I01860,O00328,P0268,4,9949.65,16
I01861,O01488,P0112,1,6418.13,6
I01862,O00890,P0435,5,5410.12,24
I01863,O01249,P0252,1,8359.49,2
I01864,O00690,P0296,3,212.43,26
I01865,O01265,P0337,1,9177.51,30
I01866,O00342,P0427,5,1143.12,14
I01867,O00647,P0076,5,5646.71,13
I01868,O00453,P0422,4,7914.25,2
I01869,O01103,P0385,3,304.61,23
I01870,O00025,P0394,4,8377.73,10
I01871,O00809,P0011,2,7486.68,3
I01872,O01198,P0041,1,203.31,30
I01873,O01175,P0243,5,3143.0,20
I01874,O00499,P0371,3,4323.26,18
I01875,O00672,P0424,1,5396.61,3
I01876,O00088,P0146,5,3344.63,28
I01877,O01464,P0237,2,2145.18,2
I01878,O01088,P0255,3,2135.85,24
I01879,O00901,P0041,4,2248.63,11
I01880,O00822,P0291,5,2528.93,11
I01881,O00124,P0361,2,170.43,10
I01882,O00882,P0047,5,3730.51,30
I01883,O00505,P0045,3,6541.55,27
I01884,O00491,P0300,4,4924.7,5
I01885,O00237,P0052,3,3860.33,7
I01886,O01257,P0022,4,6634.24,26
I01887,O00966,P0249,5,1898.94,0
I01888,O00864,P0393,2,6536.55,13
I01889,O00511,P0152,1,1853.18,2
I01890,O00526,P0036,4,8188.3,21
I01891,O00215,P0320,4,9991.84,14
I01892,O00420,P0172,3,5400.59,26
I01893,O00544,P0022,3,9755.6,30
I01894,O01371,P0287,1,5513.94,4
I01895,O00017,P0136,4,1512.83,13
I01896,O01043,P0447,2,1114.24,20
I01897,O00929,P0060,3,5335.8,18
I01898,O00433,P0475,2,313.92,13
I01899,O00857,P0254,5,4081.11,22
I01900,O01418,P0471,5,135.58,5
I01901,O00570,P0481,2,6175.29,14
I01902,O00719,P0058,3,8571.22,7
I01903,O00930,P0070,3,8474.0,3
I01904,O00403,P0011,4,6453.85,13
I01905,O00246,P0404,5,1146.02,12
I01906,O00072,P0104,3,3120.16,6
I01907,O01071,P0462,5,743.56,15
I01908,O00908,P0334,2,7499.39,30
I01909,O00480,P0110,5,4106.56,24
I01910,O00515,P0049,4,2402.23,0
I01911,O00231,P0483,-5,9519.99,6
I01912,O00859,P0497,5,329.6,17
I01913,O00715,P0136,2,7896.49,1
I01914,O00349,P0442,3,8711.92,28
I01915,O01484,P0335,1,3625.38,14
I01916,O00573,P0034,-2,294.83,22
I01917,O01443,P0140,4,1087.08,6
I01918,O00492,P0431,2,5553.3,2
I01919,O01464,P0316,1,3164.71,30
I01920,O00568,P0279,2,9525.97,0
I01921,O01143,P0244,5,1595.13,12
I01922,O01177,P0209,3,2126.39,5
I01923,O01016,P0432,3,3055.62,4
I01924,O00543,P0427,2,8911.73,20
I01925,O00205,P0056,2,5382.34,19
I01926,O00626,P0196,1,5305.82,3
I01927,O00973,P0007,4,1578.16,12
I01928,O00348,P0029,4,9349.08,4
I01929,O00687,P0400,1,7944.98,12
I01930,O00144,P0293,4,3667.87,13
I01931,O00021,P0174,5,4701.98,19
I01932,O00197,P0254,3,2509.61,10
I01933,O00054,P0409,5,4667.81,19
I01934,O00071,P0336,4,4569.56,5
I01935,O01108,P0417,1,3868.68,1
I01936,O00155,P0336,5,3959.49,4
I01937,O00520,P0162,2,8714.37,22
I01938,O00230,P0254,3,1198.5,5
I01939,O00141,P0243,5,8358.92,14
I01940,O00834,P0028,3,9834.18,4
I01941,O00601,P0439,2,7886.53,28
I01942,O00296,P0048,2,6514.66,0
I01943,O00440,P0467,2,5918.36,24
I01944,O01361,P0374,1,268.47,8
I01945,O00914,P0409,3,8441.44,28
I01946,O00047,P0107,2,6776.59,13
I01947,O00461,P0473,3,1392.44,13
I01948,O01235,P0419,1,3071.07,17
I01949,O01387,P0069,1,2776.45,11
I01950,O00719,P0058,3,3884.42,4
I01951,O01367,P0057,1,3264.72,29
I01952,O00187,P0088,5,8073.69,17
I01953,O01440,P0147,4,7351.82,25
I01954,O00523,P0246,5,5604.43,25
I01955,O00260,P0110,5,4689.73,1
I01956,O00552,P0160,1,4616.25,0
I01957,O00898,P0421,5,6607.76,2
I01958,O00067,P0252,5,2986.6,27
I01959,O00896,P0154,5,531.76,12
I01960,O01084,P0478,5,8256.41,28
I01961,O01496,P0321,2,1365.79,6
I01962,O00571,P0277,3,2763.25,13
I01963,O00081,P0259,3,1661.43,7
I01964,O00841,P0164,5,2815.78,5
I01965,O00020,P0087,2,752.59,5
I01966,O01007,P0352,2,9394.12,4
I01967,O00674,P0001,1,8798.63,24
I01968,O00043,P0010,-2,5530.58,12
I01969,O01463,P0207,2,4589.03,18
I01970,O00007,P0265,1,5258.81,24
I01971,O00249,P0130,5,1279.2,25
I01972,O00190,P0197,-1,5720.4,23
I01973,O00285,P0351,2,4995.27,29
I01974,O01192,P0345,4,5366.13,24
I01975,O01468,P0317,5,542.82,0
I01976,O00690,P0154,5,5478.93,26
I01977,O01122,P0218,1,4852.29,8
I01978,O00104,P0012,4,9221.46,26
I01979,O01402,P0113,5,2565.51,3
I01980,O00501,P0488,1,4512.13,29
I01981,O00175,P0163,1,1015.42,19
I01982,O01422,P0133,5,3364.29,4
I01983,O00633,P0077,5,9730.51,6
I01984,O01362,P0007,3,777.29,6
I01985,O00569,P0212,3,4170.05,14
I01986,O01178,P0311,3,6012.58,9
I01987,O00560,P0442,5,4103.78,14
I01988,O00196,P0030,2,5550.31,8
I01989,O01447,P0395,1,5436.84,2
I01990,O00283,P0335,5,2302.67,14
I01991,O00592,P0496,5,111.17,30
I01992,O01088,P0178,4,5057.89,2
I01993,O00666,P0464,4,1445.84,7
I01994,O00395,P0211,3,3184.57,30
I01995,O00931,P0009,2,183.37,2
I01996,O01147,P0487,2,1480.94,22
I01997,O00238,P0352,3,4244.86,2
I01998,O00671,P0178,2,5688.16,9
I01999,O00065,P0032,4,4700.02,5
I02000,O00874,P0210,2,332.96,2
I02001,O01070,P0074,2,4636.98,0
I02002,O00360,P0103,1,9837.73,4
I02003,O01285,P0219,5,779.57,2
I02004,O00542,P0485,-2,5370.28,11
I02005,O00880,P0223,1,7539.16,7
I02006,O01486,P0024,3,9709.39,9
I02007,O00901,P0215,2,9877.0,27
I02008,O00052,P0055,3,6258.19,10
I02009,O01023,P0369,-2,7460.86,20
I02010,O00634,P0252,2,8468.91,8
I02011,O00864,P0043,2,4962.57,13
I02012,O00651,P0388,5,1105.41,21
I02013,O01369,P0488,2,1914.4,14
I02014,O00857,P0361,1,8111.47,29
I02015,O00820,P0488,3,1611.16,4
I02016,O01273,P0451,3,4475.1,13
I02017,O00553,P0405,5,6273.1,15
I02018,O01357,P0082,4,5823.99,20
I02019,O00075,P0212,2,9752.18,3
I02020,O01159,P0248,5,9934.88,4
I02021,O00557,P0416,2,2173.8,1
I02022,O00775,P0281,3,1608.37,3
I02023,O01305,P0222,2,8450.42,19
I02024,O00526,P0295,3,7877.98,0
I02025,O00567,P0411,4,2902.24,26
I02026,O00208,P0344,1,7131.55,15
I02027,O00165,P0272,2,1552.84,7
I02028,O00879,P0120,1,3136.56,10
I02029,O01025,P0448,5,8653.6,25
I02030,O01082,P0265,2,2844.55,25
I02031,O00830,P0208,4,2670.74,24
I02032,O00202,P0419,1,1097.49,1
I02033,O00760,P0160,2,2041.13,23
I02034,O01488,P0096,3,2546.63,0
I02035,O00105,P0160,1,6151.88,30
I02036,O00491,P0255,5,1508.55,22
I02037,O00120,P0104,5,1715.24,22
I02038,O00915,P0282,2,8297.91,19
I02039,O00102,P0042,5,985.71,8
I02040,O00430,P0153,1,9197.94,15
I02041,O01413,P0255,1,7500.63,18
I02042,O01137,P0213,4,551.31,23
I02043,O00795,P0453,1,9280.4,24
I02044,O01264,P0385,3,9907.18,23
I02045,O01192,P0332,5,2920.46,20
I02046,O00674,P0445,4,3710.12,0
I02047,O00897,P0175,1,2312.22,16
I02048,O00047,P0242,2,9233.98,17
I02049,O00909,P0268,5,7472.31,15
I02050,O01227,P0390,2,656.76,7
I02051,O00851,P0055,4,4324.84,17
I02052,O01261,P0241,5,9761.88,4
I02053,O01387,P0306,2,8803.24,18
I02054,O01005,P0397,4,1294.08,6
I02055,O00465,P0021,4,4529.35,13
I02056,O00015,P0094,5,8002.86,17
I02057,O01468,P0282,1,3726.73,11
I02058,O01026,P0017,4,245.83,20
I02059,O00601,P0100,3,8004.19,4
I02060,O00382,P0084,2,9705.75,3
I02061,O00788,P0309,4,6722.01,12
I02062,O00934,P0133,5,4044.27,15
I02063,O00907,P0350,1,6858.13,2
I02064,O00243,P0126,4,5822.84,29
I02065,O00291,P0046,3,3286.36,23
I02066,O00611,P0422,1,1537.4,2
I02067,O00020,P0112,1,2056.49,1
I02068,O00321,P0145,5,8500.49,22
I02069,O00455,P0296,1,1455.84,17
I02070,O00452,P0013,3,201.17,29
I02071,O01231,P0415,1,8113.95,26
I02072,O00469,P0024,1,1558.87,11
I02073,O01474,P0187,1,7660.14,22
I02074,O01431,P0149,5,4102.37,25
I02075,O01259,P0442,2,3366.95,9
I02076,O00007,P0167,5,269.05,3
I02077,O00862,P0133,3,7710.2,4
I02078,O01199,P0404,4,4302.41,30
I02079,O00506,P0283,1,3435.9,23
I02080,O00157,P0464,1,4545.5,15
I02081,O00275,P0120,3,5963.53,24
I02082,O00202,P0175,5,3686.58,4
I02083,O01310,P0024,4,7648.03,25
I02084,O00466,P0376,5,3895.19,4
I02085,O00892,P0389,3,7407.64,11
I02086,O00948,P0240,3,1499.33,11
I02087,O00056,P0236,1,2115.38,26
I02088,O00741,P0197,5,8074.54,24
I02089,O01314,P0386,4,2375.81,21
I02090,O00997,P0163,1,3138.27,7
I02091,O00381,P0455,-5,4478.77,26
I02092,O01031,P0434,1,3310.74,14
I02093,O00332,P0289,2,1810.31,8
I02094,O00825,P0076,4,8945.68,5
I02095,O00615,P0024,5,4542.08,13
I02096,O00913,P0335,3,8934.44,21
I02097,O00139,P0441,2,8364.86,6
I02098,O01124,P0496,3,9216.38,15
I02099,O00734,P0310,4,1341.27,28
I02100,O01033,P0428,5,4804.32,1
I02101,O01422,P0016,4,7993.58,16
I02102,O01212,P0348,5,2414.18,1
I02103,O00482,P0133,3,159.66,25
I02104,O01237,P0396,1,1533.42,6
I02105,O00172,P0490,5,9057.57,19
I02106,O00528,P0398,4,187.46,6
I02107,O00119,P0378,3,4789.53,19
I02108,O00695,P0177,4,2621.44,13
I02109,O00057,P0124,1,8328.62,16
I02110,O00371,P0245,3,2179.57,12
I02111,O00423,P0093,2,690.4,5
I02112,O00302,P0247,2,1122.55,24
I02113,O00760,P0334,1,8881.37,13
I02114,O01008,P0055,5,4287.05,1
I02115,O01113,P0191,3,1228.8,8
I02116,O01134,P0120,5,420.58,5
I02117,O01185,P0005,1,2152.57,27
I02118,O00370,P0383,2,4190.77,30
I02119,O00029,P0049,5,9969.15,28
I02120,O00815,P0138,3,5005.01,2
I02121,O00052,P0445,1,807.38,14
I02122,O00165,P0205,1,9246.12,14
I02123,O01404,P0006,1,9419.49,9
I02124,O00379,P0212,5,8367.79,5
I02125,O00772,P0296,3,2316.38,3
I02126,O00571,P0401,4,4491.65,7
I02127,O00456,P0491,-5,5671.93,23
I02128,O00666,P0134,4,702.57,28
I02129,O01255,P0419,3,9867.74,10
I02130,O00449,P0378,1,6086.64,4
I02131,O01011,P0093,4,5455.09,2
I02132,O00242,P0421,2,3937.41,11
I02133,O01154,P0419,1,4349.46,4
I02134,O00927,P0203,4,6494.23,26
I02135,O00341,P0284,2,6480.76,11
I02136,O00543,P0320,2,7514.29,18
I02137,O01481,P0001,-3,5106.09,17
I02138,O00006,P0215,4,7507.02,11
I02139,O00045,P0087,4,541.49,0
I02140,O00352,P0305,1,559.93,5
I02141,O00613,P0452,1,8157.1,19
I02142,O01111,P0294,1,9147.31,18
I02143,O00322,P0179,2,9575.47,7
I02144,O00344,P0126,2,3639.46,1
I02145,O01336,P0413,2,3380.71,27
I02146,O01494,P0116,1,9894.17,9
I02147,O01399,P0460,3,430.56,27
I02148,O01136,P0414,4,5646.6,22
I02149,O00503,P0099,2,8763.96,9
I02150,O00335,P0304,2,4324.87,0
I02151,O01156,P0383,-5,7430.15,20
I02152,O00552,P0386,2,2775.21,5
I02153,O00683,P0385,5,6024.6,10
I02154,O00275,P0488,5,658.77,4
I02155,O00823,P0102,2,845.01,14
I02156,O00570,P0082,3,749.11,0
I02157,O00550,P0329,4,1019.78,6
I02158,O00201,P0301,4,1411.15,12
I02159,O00470,P0052,4,4868.01,7
I02160,O00868,P0438,4,9512.83,15
I02161,O01042,P0323,3,9186.31,8
I02162,O00291,P0360,4,351.51,19
I02163,O00469,P0014,4,144.64,18
I02164,O01092,P0463,2,2758.94,27
I02165,O00392,P0086,2,7080.99,2
I02166,O00680,P0182,3,198.34,3
I02167,O00286,P0052,3,5860.68,3
I02168,O00102,P0265,3,8528.39,15
I02169,O00287,P0134,5,4714.76,4
I02170,O00515,P0441,3,1399.79,2
I02171,O01451,P0420,5,2618.29,25
I02172,O01106,P0406,3,1183.67,5
I02173,O01112,P0248,1,4977.12,13
I02174,O01177,P0102,4,9620.26,28
I02175,O01207,P0302,2,9863.16,13
I02176,O01265,P0483,3,665.88,10
I02177,O01363,P0149,4,9604.35,8
I02178,O00684,P0326,1,5084.22,25
I02179,O01087,P0099,3,8312.47,17
I02180,O00657,P0359,2,4428.71,25
I02181,O00353,P0010,4,7422.6,8
I02182,O01349,P0300,4,7811.29,11
I02183,O01306,P0448,3,3256.93,11
I02184,O00803,P0087,1,5598.95,5
I02185,O00018,P0387,2,1152.27,5
I02186,O01360,P0479,3,6392.73,5
I02187,O01132,P0211,3,1968.16,24
I02188,O01324,P0007,3,997.33,30
I02189,O00504,P0473,2,2807.92,9
I02190,O01217,P0006,5,7901.8,19
I02191,O01421,P0228,4,493.6,13
I02192,O00702,P0424,-4,8407.52,30
I02193,O00398,P0095,5,760.86,26
I02194,O00039,P0368,3,2392.83,2
I02195,O00173,P0295,1,2274.1,11
I02196,O00364,P0069,2,1687.19,26
I02197,O01213,P0114,4,3884.98,0
I02198,O00044,P0478,1,5335.88,14
I02199,O00657,P0205,4,2881.77,3
I02200,O00113,P0243,4,9758.6,27
I02201,O00448,P0363,2,5304.64,30
I02202,O01173,P0167,-3,2359.86,5
I02203,O00185,P0228,2,8279.01,21
I02204,O01379,P0057,2,2135.3,27
I02205,O00235,P0007,2,6464.85,25
I02206,O01460,P0048,5,9653.48,9
I02207,O01466,P0051,2,3951.99,8
I02208,O00403,P0236,3,1868.9,15
I02209,O00977,P0487,4,4260.21,29
I02210,O01419,P0107,1,7921.39,19
I02211,O00093,P0420,3,2846.69,13
I02212,O00697,P0052,1,5164.81,14
I02213,O01013,P0318,1,6193.41,6
I02214,O00375,P0022,2,8833.83,9
I02215,O00631,P0137,5,7737.81,2
I02216,O00551,P0177,4,4341.17,10
I02217,O00797,P0294,2,2629.73,18
I02218,O00601,P0396,1,5407.06,23
I02219,O00281,P0215,2,5638.18,1
I02220,O00355,P0102,3,5205.61,23
I02221,O00025,P0491,3,131.81,10
I02222,O00691,P0321,2,8867.8,15
I02223,O00801,P0372,3,2857.42,10
I02224,O00067,P0298,5,7832.02,15
I02225,O01377,P0219,5,594.12,15
I02226,O00602,P0114,4,4610.55,30
I02227,O00435,P0235,5,607.17,23
I02228,O00925,P0432,4,6553.07,27
I02229,O00526,P0459,3,4199.53,14
I02230,O00795,P0387,2,2415.02,17
I02231,O00609,P0452,1,6970.67,16
I02232,O01248,P0293,3,432.22,1
I02233,O01425,P0086,2,5810.96,3
I02234,O00631,P0172,1,506.0,14
I02235,O00595,P0500,5,2438.26,13
I02236,O00075,P0117,4,7088.29,14
I02237,O01213,P0261,3,2531.91,0
I02238,O00902,P0341,4,2188.8,26
I02239,O00247,P0281,4,9336.86,5
I02240,O00974,P0467,2,5788.9,8
I02241,O01049,P0232,1,5130.04,16
I02242,O01029,P0390,4,3361.95,19
I02243,O00421,P0294,1,4205.63,9
I02244,O01421,P0317,2,8697.73,16
I02245,O00050,P0380,4,8453.96,25
I02246,O01374,P0327,3,3096.56,4
I02247,O01423,P0234,2,680.96,20
I02248,O01434,P0392,5,869.72,27
I02249,O00907,P0016,4,4130.64,6
I02250,O00143,P0206,2,7653.76,18
I02251,O01189,P0298,1,1855.38,26
I02252,O00165,P0345,5,9952.44,26
I02253,O01005,P0062,5,5662.34,13
I02254,O00418,P0396,3,8062.4,14
I02255,O00013,P0274,1,4286.6,26
I02256,O00352,P0208,3,5914.39,5
I02257,O01425,P0303,1,5402.07,30
I02258,O00179,P0346,2,7733.72,30
I02259,O01311,P0308,3,6954.06,3
I02260,O01159,P0313,3,9786.11,14
I02261,O01227,P0092,1,728.74,10
I02262,O00005,P0189,5,2658.79,19
I02263,O00557,P0119,5,5657.97,16
I02264,O00503,P0416,3,637.6,4
I02265,O01104,P0058,1,4201.42,16
I02266,O00772,P0489,1,6444.84,21
I02267,O00704,P0453,2,6487.48,18
I02268,O01333,P0436,1,2600.72,24
I02269,O01348,P0073,5,9022.4,20
I02270,O00004,P0103,5,9400.88,24
I02271,O00112,P0480,1,6030.86,4
I02272,O00088,P0229,4,8810.37,6
I02273,O01105,P0017,1,5224.06,28
I02274,O00824,P0077,1,5334.05,19
I02275,O01334,P0446,4,7726.9,26
I02276,O00669,P0386,3,9470.61,21
I02277,O01058,P0260,1,6631.73,30
I02278,O00377,P0329,3,6503.77,20
I02279,O00859,P0277,3,121.6,29
I02280,O01473,P0308,5,8857.13,12
I02281,O00968,P0208,1,3979.94,0
I02282,O00274,P0431,5,265.76,19
I02283,O01302,P0388,1,8064.2,29
I02284,O00542,P0144,4,2766.3,10
I02285,O01334,P0095,5,6455.06,10
I02286,O00993,P0461,5,158.11,5
I02287,O00605,P0415,1,6653.05,21
I02288,O01347,P0449,2,3801.96,13
I02289,O00185,P0481,-5,9267.73,30
I02290,O00510,P0005,2,1908.13,29
I02291,O00830,P0422,3,8181.99,22
I02292,O00772,P0333,1,7634.35,0
I02293,O00602,P0125,2,3816.78,4
I02294,O00727,P0114,3,7014.17,13
I02295,O00163,P0359,3,5374.61,14
I02296,O00571,P0348,3,261.06,7
I02297,O00558,P0431,4,8784.09,16
I02298,O00722,P0448,5,7196.81,14
I02299,O00757,P0142,4,9396.79,12
I02300,O00405,P0492,4,1359.01,13
I02301,O00950,P0310,1,7777.08,16
I02302,O00151,P0067,4,3791.05,9
I02303,O01366,P0464,5,1824.38,23
I02304,O00381,P0310,1,5291.91,5
I02305,O01155,P0318,2,1375.23,12
I02306,O00930,P0486,4,9321.02,18
I02307,O00707,P0194,4,6141.7,18
I02308,O00317,P0302,5,9156.65,19
I02309,O00657,P0385,5,5573.18,15
I02310,O00951,P0364,4,5004.78,19
I02311,O00889,P0007,2,3080.97,7
I02312,O00101,P0268,3,9480.52,25
I02313,O00506,P0049,3,3340.97,19
I02314,O01228,P0044,5,1632.1,4
I02315,O00010,P0460,-4,758.34,9
I02316,O01349,P0358,1,4717.46,12
I02317,O01484,P0383,2,9444.56,30
I02318,O01355,P0117,3,8543.78,27
I02319,O01156,P0037,3,2255.5,3
I02320,O01178,P0254,1,3281.83,28
I02321,O00068,P0303,5,6167.69,13
I02322,O00786,P0153,3,1681.71,25
I02323,O00024,P0169,2,6248.74,22
I02324,O00375,P0120,2,3434.65,7
I02325,O00993,P0219,1,4338.26,30
I02326,O00535,P0287,1,9066.87,12
I02327,O01165,P0482,2,9769.97,24
I02328,O00070,P0333,5,9878.6,11
I02329,O00009,P0044,4,4791.19,11
I02330,O00006,P0230,2,6195.3,13
I02331,O00882,P0293,1,3398.73,15
I02332,O01335,P0469,2,7352.14,30
I02333,O00014,P0159,3,2554.3,30
I02334,O00247,P0364,3,1717.33,7
I02335,O00988,P0339,1,6224.86,27
I02336,O00107,P0255,4,4952.9,6
I02337,O00717,P0032,2,2334.98,2
I02338,O00368,P0495,5,545.39,22
I02339,O01196,P0306,3,7250.11,18
I02340,O00397,P0108,2,4650.26,6
I02341,O00602,P0437,3,9963.43,8
I02342,O01248,P0001,4,7819.33,15
I02343,O01095,P0213,-4,8673.41,24
I02344,O00135,P0473,2,9689.94,0
I02345,O00157,P0399,4,7594.85,2
I02346,O01410,P0286,4,8547.99,11
I02347,O00490,P0493,1,6608.36,27
I02348,O00161,P0138,5,3581.58,6
I02349,O00151,P0286,3,7968.38,16
I02350,O01116,P0380,1,882.63,23
I02351,O00926,P0134,1,2785.36,25
I02352,O00750,P0128,5,6062.55,3
I02353,O01008,P0421,4,4780.67,1
I02354,O00504,P0457,-3,8305.86,0
I02355,O00639,P0061,3,5441.8,0
I02356,O01458,P0280,2,1581.15,2
I02357,O00429,P0302,-5,3887.93,24
I02358,O01498,P0021,2,2461.62,11
I02359,O01402,P0486,5,2859.14,22
I02360,O01094,P0277,1,223.23,12
I02361,O01430,P0174,3,996.38,28
I02362,O00896,P0364,4,6043.1,27
I02363,O00702,P0370,2,4233.48,6
I02364,O01239,P0240,1,3069.81,27
I02365,O01039,P0461,1,628.88,24
I02366,O01036,P0369,4,9653.05,17
I02367,O00088,P0306,4,1765.06,21
I02368,O01260,P0048,1,5454.43,23
I02369,O00162,P0048,3,2076.95,27
I02370,O00776,P0052,2,1052.86,17
I02371,O01149,P0025,3,3494.81,25
I02372,O01348,P0062,4,1203.24,20
I02373,O00932,P0409,4,6869.07,5
I02374,O00463,P0308,-2,9059.34,21
I02375,O00559,P0187,1,7140.56,9
I02376,O00117,P0443,4,5365.04,28
I02377,O00403,P0041,2,4493.55,2
I02378,O00151,P0422,3,6214.11,10
I02379,O00863,P0449,2,7947.45,25
I02380,O00271,P0447,4,4133.71,7
I02381,O01181,P0193,3,9236.21,11
I02382,O00283,P0384,2,3905.24,23
I02383,O00266,P0192,5,4913.0,17
I02384,O00796,P0265,-4,4072.72,10
I02385,O00086,P0203,1,4018.52,13
I02386,O00265,P0375,1,5355.93,20
I02387,O00879,P0137,1,8390.45,19
I02388,O00023,P0441,5,2241.92,1
I02389,O00338,P0031,5,8074.39,7
I02390,O00278,P0012,1,6122.27,10
I02391,O00943,P0388,2,3773.17,14
I02392,O00230,P0295,5,6527.75,5
I02393,O01277,P0367,4,5381.12,1
I02394,O00950,P0179,2,9180.59,30
I02395,O01355,P0165,4,2652.12,8
I02396,O00090,P0164,5,2929.72,17
I02397,O00585,P0474,5,3360.84,16
I02398,O00034,P0323,1,5654.49,22
I02399,O00713,P0323,5,3568.87,6
I02400,O00580,P0391,3,3368.7,12
I02401,O01223,P0407,2,6889.7,4
I02402,O01014,P0027,1,3217.48,13
I02403,O00837,P0053,-4,8127.51,26
I02404,O00867,P0016,2,4531.68,9
I02405,O00316,P0388,4,4273.83,29
I02406,O00403,P0181,-4,8017.79,2
I02407,O00056,P0037,3,3807.14,6
I02408,O00472,P0348,1,7285.77,30
I02409,O00193,P0162,1,4290.14,11
I02410,O00127,P0192,5,1376.59,8
I02411,O00503,P0303,3,3331.33,14
I02412,O01454,P0193,5,9689.43,23
I02413,O01393,P0416,3,3266.75,30
I02414,O00654,P0371,4,4656.33,18
I02415,O01075,P0327,1,5798.23,12
I02416,O00616,P0434,4,7213.2,18
I02417,O00796,P0454,2,1318.25,7
I02418,O01462,P0311,2,4999.47,20
I02419,O01121,P0489,5,168.46,21
I02420,O00381,P0497,4,2504.59,23
I02421,O01498,P0046,4,5466.4,7
I02422,O00206,P0289,1,1937.53,0
I02423,O01002,P0124,5,2248.44,27
I02424,O01237,P0358,2,4842.67,25
I02425,O00830,P0149,2,2664.86,5
I02426,O00660,P0123,5,7654.56,26
I02427,O00943,P0193,4,6211.38,18
I02428,O00900,P0243,2,9192.62,19
I02429,O01096,P0445,2,3447.66,4
I02430,O01405,P0094,1,314.74,3
I02431,O00001,P0034,3,4290.47,6
I02432,O00359,P0265,2,2861.11,4
I02433,O01014,P0338,2,798.96,18
I02434,O01246,P0005,5,8016.98,15
I02435,O00173,P0169,3,8443.14,22
I02436,O00797,P0030,3,9156.9,14
I02437,O01413,P0312,3,6261.12,6
I02438,O00255,P0016,5,137.42,26
I02439,O00504,P0110,4,6767.0,5
I02440,O01485,P0399,4,1590.42,4
I02441,O00957,P0112,4,2117.15,2
I02442,O01037,P0359,4,9604.9,30
I02443,O00612,P0374,4,4833.61,29
I02444,O01144,P0186,-4,618.36,12
I02445,O00642,P0087,1,6276.66,25
I02446,O00590,P0044,3,7306.47,1
I02447,O00610,P0373,4,631.09,28
I02448,O01384,P0332,4,8698.57,15
I02449,O00877,P0233,3,4260.46,11
I02450,O00881,P0426,5,1683.02,26
I02451,O00830,P0098,1,8068.02,21
I02452,O00827,P0453,3,9556.48,8
I02453,O00580,P0294,4,4533.38,10
I02454,O01201,P0107,5,1134.42,29
I02455,O01432,P0395,2,5750.26,15
I02456,O01451,P0143,5,8436.92,19
I02457,O01447,P0260,1,4329.77,18
I02458,O00643,P0008,5,8681.08,19
I02459,O00854,P0397,2,8736.69,9
I02460,O00456,P0500,2,5945.73,28
I02461,O00207,P0081,4,7214.15,18
I02462,O00153,P0339,5,8683.54,3
I02463,O01152,P0478,3,3460.4,8
I02464,O00150,P0094,-1,6882.05,13
I02465,O00396,P0419,2,5956.63,16
I02466,O00615,P0089,3,8284.44,29
I02467,O01465,P0237,2,7490.58,22
I02468,O01052,P0397,4,5061.75,4
I02469,O01077,P0330,2,5505.76,15
I02470,O01120,P0498,1,8493.42,2
I02471,O00788,P0358,4,862.65,23
I02472,O00524,P0295,2,6460.09,12
I02473,O01178,P0307,3,5411.15,27
I02474,O01392,P0167,3,5201.61,21
I02475,O01162,P0397,4,7988.12,6
I02476,O00008,P0439,5,6246.87,29
I02477,O00809,P0412,4,1281.37,26
I02478,O00289,P0214,5,928.37,12
I02479,O00858,P0166,-2,3627.65,10
I02480,O00833,P0487,4,2850.05,15
I02481,O00661,P0168,5,7540.92,11
I02482,O00353,P0131,4,4755.58,8
I02483,O00792,P0269,-1,4519.47,16
I02484,O00272,P0150,4,6864.6,11
I02485,O00723,P0131,1,3318.45,4
I02486,O00620,P0134,2,780.24,16
I02487,O00607,P0003,5,1522.83,27
I02488,O00833,P0468,2,5390.67,13
I02489,O00478,P0429,1,3250.95,15
I02490,O00927,P0011,1,9587.48,13
I02491,O01275,P0153,2,8117.91,8
I02492,O01050,P0330,2,4171.0,5
I02493,O00682,P0375,1,580.26,19
I02494,O01247,P0398,5,8739.24,23
I02495,O01369,P0297,1,219.95,24
I02496,O01244,P0244,4,6004.13,27
I02497,O00277,P0431,5,2800.09,4
I02498,O00430,P0186,5,3953.48,8
I02499,O00651,P0469,-5,518.15,6
I02500,O00774,P0385,3,6943.89,9
I02501,O00030,P0294,5,3286.49,20
I02502,O01387,P0010,2,8893.88,18
I02503,O01348,P0222,5,110.79,22
I02504,O00302,P0334,5,8731.94,27
I02505,O00185,P0182,1,9122.34,19
I02506,O00575,P0313,2,8431.16,0
I02507,O00640,P0079,4,504.6,3
I02508,O01362,P0236,5,4764.53,17
I02509,O01249,P0188,4,9561.11,3
I02510,O00872,P0378,3,2746.32,29
I02511,O00413,P0002,5,5058.52,24
I02512,O00656,P0403,2,6449.74,27
I02513,O00567,P0055,4,5748.46,5
I02514,O00451,P0087,2,9713.63,13
I02515,O00739,P0370,1,5531.5,22
I02516,O00340,P0236,5,4257.9,15
I02517,O00430,P0051,3,8508.13,14
I02518,O00787,P0207,2,1899.75,18
I02519,O01316,P0469,2,6845.68,11
I02520,O01085,P0473,1,8945.87,24
I02521,O01026,P0077,1,3019.52,4
I02522,O00697,P0289,4,3192.85,19
I02523,O00048,P0478,5,4262.04,4
I02524,O01485,P0074,2,2278.63,15
I02525,O01030,P0485,1,5834.79,4
I02526,O01392,P0424,2,5774.77,1
I02527,O00559,P0447,4,8014.59,17
I02528,O01131,P0144,4,8118.21,14
I02529,O00532,P0037,5,6308.49,14
I02530,O00643,P0104,4,5974.15,2
I02531,O01404,P0021,5,8445.63,23
I02532,O00136,P0181,2,5873.54,10
I02533,O01143,P0298,4,3094.75,16
I02534,O01285,P0200,5,1759.72,26
I02535,O00540,P0282,5,5166.09,13
I02536,O00319,P0492,2,267.25,15
I02537,O00488,P0304,4,4051.57,3
I02538,O01294,P0403,2,6712.21,0
I02539,O01121,P0450,3,8092.07,3
I02540,O01326,P0405,2,5446.2,20
I02541,O00202,P0262,4,7693.46,26
I02542,O01001,P0004,1,9162.54,12
I02543,O00243,P0025,5,4601.35,4
I02544,O00301,P0302,2,5592.89,12
I02545,O00474,P0115,5,2821.52,22
I02546,O00895,P0339,5,3107.5,28
I02547,O00497,P0366,4,3230.21,13
I02548,O01047,P0315,4,4196.28,16
I02549,O00392,P0174,2,3607.7,14
I02550,O00906,P0121,1,7423.38,24
I02551,O01348,P0461,2,8810.54,3
I02552,O01295,P0022,3,6845.32,24
I02553,O00068,P0184,3,1357.09,2
I02554,O01236,P0346,5,8784.02,7
I02555,O00574,P0135,5,542.65,11
I02556,O00215,P0498,5,855.86,2
I02557,O00106,P0334,3,9205.49,3
I02558,O01328,P0407,2,3294.77,1
I02559,O00910,P0059,2,3310.56,24
I02560,O01094,P0309,4,839.01,1
I02561,O00923,P0317,5,4519.45,1
I02562,O00620,P0412,2,7801.98,8
I02563,O00598,P0135,3,4178.94,15
I02564,O00051,P0469,5,7636.7,7
I02565,O00876,P0489,4,3051.82,0
I02566,O00276,P0314,1,3261.05,6
I02567,O00427,P0445,4,1278.35,18
I02568,O01447,P0470,4,1685.65,29
I02569,O00479,P0054,2,5139.54,30
I02570,O00427,P0364,5,473.68,18
I02571,O00755,P0472,1,7081.69,9
I02572,O00465,P0117,2,1833.0,2
I02573,O00764,P0036,4,5544.9,20
I02574,O01195,P0222,3,7991.26,0
I02575,O00615,P0150,4,7967.62,27
I02576,O00797,P0091,4,7298.84,11
I02577,O00581,P0333,5,915.08,20
I02578,O01249,P0059,4,4304.48,14
I02579,O00331,P0460,1,1739.29,16
I02580,O01131,P0037,1,6490.75,30
I02581,O00203,P0117,3,7898.58,9
I02582,O00792,P0358,3,8904.66,22
I02583,O01152,P0105,5,6970.55,25
I02584,O00264,P0303,4,8122.61,27
I02585,O00592,P0341,2,6405.53,7
I02586,O00059,P0416,2,1600.47,30
I02587,O00061,P0295,3,7287.49,18
I02588,O00384,P0060,4,5622.52,6
I02589,O00942,P0064,4,6037.85,12
I02590,O00160,P0001,4,1481.54,10
I02591,O00570,P0090,4,8131.95,29
I02592,O00263,P0069,1,6832.49,7
I02593,O01115,P0021,3,816.47,6
I02594,O01135,P0114,4,8921.92,15
I02595,O00034,P0049,3,4796.09,14
I02596,O00307,P0326,5,3113.85,26
I02597,O00602,P0014,4,6206.14,6
I02598,O00718,P0033,2,4633.42,27
I02599,O00890,P0452,4,3140.98,27
I02600,O00226,P0282,4,3898.93,15
I02601,O00137,P0291,2,5887.11,24
I02602,O01317,P0196,3,8946.92,20
I02603,O00324,P0328,3,1908.81,21
I02604,O00539,P0416,4,1017.55,19
I02605,O01122,P0166,-1,124.55,5
I02606,O01493,P0370,3,9789.82,26
I02607,O01400,P0131,3,8762.55,12
I02608,O01093,P0467,4,5405.84,18
I02609,O00494,P0490,1,2410.91,8
I02610,O01498,P0379,3,6987.99,11
I02611,O00406,P0077,4,3640.22,3
I02612,O01205,P0235,3,5307.23,14
I02613,O00438,P0033,5,1426.73,22
I02614,O01195,P0165,1,2925.61,14
I02615,O00871,P0049,4,5186.94,1
I02616,O01029,P0027,5,691.77,23
I02617,O00499,P0044,5,3189.0,18
I02618,O00133,P0129,1,2365.52,15
I02619,O01293,P0054,5,9458.36,0
I02620,O00159,P0281,4,4615.47,1
I02621,O01293,P0269,5,3268.83,9
I02622,O00931,P0430,2,623.5,20
I02623,O00005,P0074,5,8650.88,26
I02624,O00501,P0474,5,8105.49,2
I02625,O00368,P0362,3,7456.16,0
I02626,O00379,P0100,4,636.88,30
I02627,O00687,P0332,5,6944.69,10
I02628,O00283,P0087,1,2954.24,3
I02629,O00315,P0014,1,4096.79,15
I02630,O00155,P0132,1,3265.61,18
I02631,O00196,P0441,5,4077.77,28
I02632,O01064,P0073,2,1374.38,27
I02633,O00065,P0164,2,2397.86,18
I02634,O00361,P0025,2,3787.14,4
I02635,O01359,P0379,1,6178.1,1
I02636,O00426,P0132,1,5388.43,6
I02637,O00395,P0117,2,6453.25,11
I02638,O00240,P0408,2,2225.3,7
I02639,O00844,P0348,5,2904.75,4
I02640,O01026,P0205,2,3054.17,25
I02641,O00877,P0407,3,149.27,8
I02642,O00880,P0099,5,2749.46,23
I02643,O01195,P0487,1,3630.43,13
I02644,O00970,P0321,4,9058.62,26
I02645,O01174,P0282,2,6406.06,11
I02646,O00476,P0183,2,4107.18,24
I02647,O00364,P0197,1,9820.18,12
I02648,O01153,P0434,3,756.72,15
I02649,O00758,P0404,4,2538.25,20
I02650,O00854,P0214,5,3071.45,8
I02651,O00757,P0113,4,2567.21,27
I02652,O00327,P0148,5,8793.75,24
I02653,O00807,P0223,3,7224.82,21
I02654,O01150,P0298,2,7017.55,22
I02655,O01299,P0451,4,7682.14,17
I02656,O00316,P0149,3,2105.22,29
I02657,O01214,P0078,4,3048.32,10
I02658,O01313,P0235,4,8647.77,22
I02659,O01281,P0281,4,9319.08,10
I02660,O01351,P0147,3,4167.16,10
I02661,O00505,P0343,5,5819.74,13
I02662,O01103,P0076,1,3030.75,15
I02663,O01262,P0312,5,7545.3,24
I02664,O00159,P0213,5,1052.2,27
I02665,O01025,P0043,2,1104.91,28
I02666,O01423,P0237,5,975.01,7
I02667,O00427,P0243,1,1394.91,1
I02668,O00009,P0483,4,1044.65,17
I02669,O00988,P0491,5,5583.52,22
I02670,O00287,P0198,1,7345.96,18
I02671,O00251,P0147,2,4042.5,6
I02672,O00906,P0204,5,1921.04,20
I02673,O01185,P0426,3,6365.06,12
I02674,O00831,P0106,3,9179.89,6
I02675,O00285,P0384,5,9314.4,27
I02676,O00616,P0006,5,2230.79,26
I02677,O01362,P0041,5,9935.41,3
I02678,O01439,P0467,2,3894.35,9
I02679,O01271,P0210,5,4569.83,21
I02680,O01128,P0115,1,2262.66,7
I02681,O00215,P0490,5,3957.33,5
I02682,O01170,P0015,3,1224.53,24
I02683,O00558,P0375,2,5892.5,24
I02684,O00475,P0140,1,9723.42,6
I02685,O00859,P0427,4,4872.11,25
I02686,O00561,P0274,2,7966.2,9
I02687,O01118,P0409,1,6944.42,2
I02688,O00890,P0253,1,6044.9,1
I02689,O01115,P0047,1,1126.92,0
I02690,O01455,P0303,3,6662.88,2
I02691,O00639,P0336,1,8999.69,5
I02692,O01151,P0426,1,8828.83,27
I02693,O00828,P0469,4,5488.48,1
I02694,O01234,P0021,1,2539.83,4
I02695,O00411,P0133,1,5069.25,23
I02696,O00535,P0455,3,1643.77,1
I02697,O00153,P0218,2,707.7,15
I02698,O00197,P0249,5,8389.6,29
I02699,O01114,P0196,5,681.73,10
I02700,O01438,P0453,4,955.46,15
I02701,O00277,P0401,1,7083.71,18
I02702,O00034,P0070,3,3104.21,14
I02703,O01067,P0285,1,8049.74,2
I02704,O00272,P0431,3,5382.82,27
I02705,O00993,P0479,3,7002.28,24
I02706,O00894,P0244,5,8506.42,11
I02707,O00878,P0097,4,6091.44,7
I02708,O00164,P0020,5,9187.91,15
I02709,O00228,P0337,3,9860.15,3
I02710,O00347,P0128,5,6450.01,3
I02711,O00099,P0039,3,7128.87,2
I02712,O00106,P0211,3,6008.44,13
I02713,O00833,P0281,2,2607.38,11
I02714,O00662,P0090,3,7600.83,15
I02715,O00005,P0072,3,6366.67,9
I02716,O00134,P0479,4,7105.11,18
I02717,O01257,P0142,5,5253.9,29
I02718,O01239,P0145,3,5116.17,30
I02719,O00120,P0016,5,3755.52,18
I02720,O00713,P0481,3,6667.74,12
I02721,O01034,P0152,2,8876.48,27
I02722,O01484,P0045,2,4611.28,12
I02723,O01339,P0186,4,4110.43,0
I02724,O00017,P0244,3,323.3,1
I02725,O01340,P0472,1,2817.1,26
I02726,O00775,P0261,-2,6517.99,30
I02727,O00534,P0021,4,7895.79,16
I02728,O00211,P0449,4,150.97,30
I02729,O01228,P0031,4,6755.93,25
I02730,O01099,P0073,1,176.31,13
I02731,O01475,P0057,2,1304.97,27
I02732,O00293,P0283,2,1566.02,5
I02733,O00027,P0275,5,2849.41,10
I02734,O00734,P0311,2,5951.45,9
I02735,O00189,P0020,-1,7290.27,17
I02736,O00238,P0117,3,3792.95,25
I02737,O00505,P0178,1,6703.44,26
I02738,O00908,P0475,3,1541.63,24
I02739,O00016,P0406,5,9301.86,9
I02740,O01362,P0185,1,9569.37,17
I02741,O00952,P0269,1,2478.61,4
I02742,O00150,P0013,-5,8960.05,3
I02743,O01459,P0483,5,3361.34,9
I02744,O00259,P0403,1,7644.91,24
I02745,O00538,P0148,1,4748.36,13
I02746,O01288,P0066,4,5550.97,5
I02747,O01381,P0285,1,9270.75,7
I02748,O00706,P0255,1,9815.25,17
I02749,O00466,P0238,1,5627.28,24
I02750,O00200,P0114,1,8256.68,19
I02751,O00491,P0421,4,7232.92,19
I02752,O00680,P0283,-5,3299.31,11
I02753,O01214,P0293,4,3130.0,24
I02754,O00570,P0096,1,5801.53,23
I02755,O01235,P0494,1,4356.26,20
I02756,O00736,P0458,1,1616.94,19
I02757,O00773,P0035,5,7306.09,12
I02758,O00493,P0120,3,4578.24,8
I02759,O00089,P0043,3,4050.82,4
I02760,O00457,P0215,4,6672.43,2
I02761,O01131,P0030,3,1486.13,7
I02762,O00399,P0246,1,7256.57,19
I02763,O01256,P0435,5,4037.92,8
I02764,O01022,P0441,3,9103.04,10
I02765,O01384,P0095,1,2479.84,4
I02766,O00618,P0263,3,147.2,1
I02767,O01453,P0065,3,3147.36,23
I02768,O00816,P0308,3,1169.32,17
I02769,O00578,P0434,3,9571.21,29
I02770,O01022,P0289,1,8109.03,0
I02771,O00756,P0232,2,708.2,24
I02772,O00296,P0318,2,7968.8,21
I02773,O00372,P0477,5,2300.19,2
I02774,O00286,P0269,3,3930.06,1
I02775,O00287,P0310,-3,4407.33,5
I02776,O00907,P0081,5,1082.17,9
I02777,O00269,P0014,2,3090.15,13
I02778,O00363,P0464,4,1280.31,21
I02779,O00832,P0196,2,6080.82,15
I02780,O00259,P0420,1,3614.02,1
I02781,O00473,P0301,2,1653.23,1
I02782,O00734,P0004,3,1930.97,1
I02783,O01199,P0025,4,1151.8,7
I02784,O01268,P0116,2,4945.15,15
I02785,O00005,P0030,1,6496.66,5
I02786,O00882,P0051,5,3830.15,5
I02787,O01471,P0347,3,2879.65,15
I02788,O00755,P0182,1,9701.29,9
I02789,O01187,P0319,1,8137.77,4
I02790,O00705,P0373,-2,8057.63,6
I02791,O00170,P0493,2,3912.2,20
I02792,O01095,P0394,4,847.14,10
I02793,O00590,P0429,4,2526.12,0
I02794,O00723,P0101,1,6809.02,22
I02795,O01373,P0232,1,9742.95,13
I02796,O00697,P0030,4,3511.55,21
I02797,O00857,P0035,4,1337.71,25
I02798,O00178,P0421,5,7032.9,10
I02799,O00834,P0340,4,834.37,23
I02800,O00271,P0126,5,785.55,3
I02801,O01121,P0349,4,9280.87,0
I02802,O00979,P0324,4,4333.02,10
I02803,O00407,P0351,2,4914.31,17
I02804,O00147,P0445,3,1466.79,26
I02805,O01326,P0263,5,3739.58,7
I02806,O00586,P0434,4,1607.0,9
I02807,O00060,P0481,-2,7489.93,14
I02808,O00504,P0292,3,7548.18,18
I02809,O01440,P0358,2,824.18,4
I02810,O01228,P0338,3,6301.05,27
I02811,O00428,P0065,4,9711.9,24
I02812,O00212,P0252,5,6625.2,6
I02813,O01168,P0037,4,8835.61,10
I02814,O00286,P0022,2,1033.05,24
I02815,O00063,P0418,3,3939.57,11
I02816,O00805,P0150,2,1921.49,14
I02817,O00756,P0033,2,8074.27,15
I02818,O00648,P0483,2,3519.72,30
I02819,O00749,P0345,2,3983.29,29
I02820,O00842,P0134,4,5336.45,16
I02821,O00328,P0085,3,2858.95,25
I02822,O00753,P0426,5,1291.11,9
I02823,O00645,P0003,4,9589.88,18
I02824,O00858,P0168,2,3892.47,29
I02825,O00293,P0420,3,6754.46,27
I02826,O00917,P0449,4,4237.12,15
I02827,O00474,P0379,2,3263.81,0
I02828,O00442,P0132,5,6879.67,8
I02829,O01179,P0057,2,3081.5,27
I02830,O00382,P0076,3,7895.48,9
I02831,O01413,P0479,4,8560.56,21
I02832,O00707,P0498,1,4978.19,18
I02833,O00281,P0192,4,1250.55,16
I02834,O00107,P0235,3,339.85,7
I02835,O00192,P0150,5,4582.56,21
I02836,O00396,P0228,2,6486.57,28
I02837,O01163,P0358,2,7061.29,10
I02838,O00809,P0250,1,4061.99,23
I02839,O00404,P0209,-4,6338.39,21
I02840,O01066,P0219,2,2084.57,3
I02841,O00311,P0014,1,8234.89,26
I02842,O01475,P0347,1,5228.12,16
I02843,O00519,P0396,3,9650.43,17
I02844,O00436,P0217,2,8506.24,21
I02845,O01044,P0086,5,9391.2,22
I02846,O01022,P0371,5,7426.65,2
I02847,O00688,P0328,2,6804.07,19
I02848,O01228,P0069,3,337.87,11
I02849,O01465,P0427,4,614.79,27
I02850,O01274,P0190,2,7659.62,2
I02851,O00767,P0026,5,8266.21,28
I02852,O00680,P0150,1,3975.89,15
I02853,O01087,P0367,3,6940.14,22
I02854,O00100,P0111,1,9521.42,23
I02855,O01492,P0377,5,453.65,8
I02856,O00126,P0140,1,2495.7,11
I02857,O01043,P0175,4,850.89,6
I02858,O01300,P0336,3,1119.98,16
I02859,O00939,P0164,2,3587.41,1
I02860,O01310,P0007,2,1120.78,12
I02861,O00782,P0145,5,4529.05,15
I02862,O00074,P0047,4,9624.46,19
I02863,O00948,P0405,1,9127.78,3
I02864,O01080,P0356,4,5631.67,22
I02865,O00211,P0224,2,1024.75,11
I02866,O00869,P0410,5,5221.86,13
I02867,O01170,P0241,1,8283.36,12
I02868,O01460,P0267,4,2099.45,6
I02869,O00976,P0446,2,512.68,10
I02870,O01099,P0107,1,3811.75,8
I02871,O00138,P0302,3,3543.0,10
I02872,O01118,P0190,4,2544.45,30
I02873,O01185,P0336,2,5973.34,24
I02874,O00327,P0199,5,4061.78,4
I02875,O01435,P0247,1,3418.0,1
I02876,O01105,P0417,1,2750.08,13
I02877,O01239,P0445,4,2159.37,26
I02878,O01056,P0175,-2,2124.63,28
I02879,O00787,P0221,4,5966.02,25
I02880,O00143,P0327,2,3772.66,23
I02881,O00258,P0448,1,5226.8,30
I02882,O00489,P0003,3,8057.54,14
I02883,O00016,P0275,2,9169.37,29
I02884,O01479,P0432,4,178.93,14
I02885,O01465,P0433,2,1752.48,15
I02886,O00238,P0062,4,8800.32,16
I02887,O00263,P0355,3,7351.63,20
I02888,O00407,P0001,5,7824.3,1
I02889,O00170,P0075,1,824.52,26
I02890,O00571,P0073,2,2015.27,21
I02891,O01389,P0494,3,613.11,23
I02892,O01417,P0340,4,4525.65,15
I02893,O01458,P0463,1,4329.21,3
I02894,O00973,P0056,5,3824.36,22
I02895,O00817,P0207,5,7719.69,13
I02896,O01249,P0371,3,6844.49,16
I02897,O00545,P0009,2,272.91,22
I02898,O00577,P0484,3,1470.26,21
I02899,O00747,P0101,4,7825.28,19
I02900,O00374,P0066,2,8394.11,18
I02901,O00500,P0320,1,7063.86,14
I02902,O00583,P0245,1,6750.44,13
I02903,O00686,P0253,1,7907.05,18
I02904,O00674,P0020,1,7477.69,3
I02905,O01452,P0425,1,9104.35,13
I02906,O00067,P0069,1,4073.12,17
I02907,O01371,P0134,5,8462.49,29
I02908,O01140,P0471,3,8553.52,7
I02909,O01025,P0366,3,2149.46,15
I02910,O00221,P0146,1,5747.5,15
I02911,O00517,P0197,5,2500.41,28
I02912,O01298,P0199,5,8545.33,21
I02913,O00047,P0449,2,2155.92,30
I02914,O01347,P0209,4,4290.5,4
I02915,O00805,P0276,5,3397.42,27
I02916,O01476,P0256,5,6731.12,9
I02917,O00071,P0353,1,8817.74,21
I02918,O00802,P0341,-2,591.33,9
I02919,O00655,P0045,4,5933.36,17
I02920,O00294,P0254,3,8786.38,12
I02921,O01321,P0357,2,7282.36,7
I02922,O01343,P0466,3,2249.0,19
I02923,O00184,P0465,2,676.3,23
I02924,O01078,P0421,1,5992.37,7
I02925,O01068,P0059,1,7298.47,25
I02926,O01089,P0496,3,544.06,16
I02927,O00571,P0034,2,3417.52,28
I02928,O01280,P0350,5,600.67,23
I02929,O00538,P0362,2,2284.19,14
I02930,O00497,P0395,4,4233.09,5
I02931,O00051,P0263,5,7909.81,2
I02932,O01382,P0326,2,4347.98,2
I02933,O01172,P0156,3,7820.12,28
I02934,O00008,P0447,3,3540.08,22
I02935,O00181,P0019,2,9796.83,21
I02936,O01382,P0400,5,7442.65,0
I02937,O00416,P0310,5,4533.86,16
I02938,O00194,P0286,3,5886.84,3
I02939,O00865,P0311,3,2404.53,13
I02940,O01492,P0054,3,4114.81,15
I02941,O00202,P0261,4,5002.87,12
I02942,O01112,P0415,2,9586.09,13
I02943,O01078,P0464,2,6681.53,11
I02944,O01341,P0204,1,8803.07,25
I02945,O00823,P0089,2,5962.03,5
I02946,O00910,P0264,4,8324.94,16
I02947,O01409,P0100,1,4530.71,12
I02948,O00666,P0087,1,1953.89,29
I02949,O01463,P0276,5,9677.81,0
I02950,O01196,P0124,4,8103.39,18
I02951,O00663,P0175,5,6262.62,15
I02952,O00661,P0499,4,6072.29,15
I02953,O01125,P0430,4,1960.81,17
I02954,O01090,P0013,3,3239.17,29
I02955,O00596,P0064,1,7754.75,3
I02956,O01130,P0299,4,1965.86,2
I02957,O00722,P0445,2,4025.17,25
I02958,O00904,P0042,1,6518.04,26
I02959,O00081,P0029,3,8743.07,11
I02960,O01236,P0095,-1,2692.71,19
I02961,O00916,P0288,2,8369.18,15
I02962,O00102,P0321,3,2405.85,0
I02963,O00037,P0064,2,1106.59,28
I02964,O00028,P0033,2,6473.09,12
I02965,O00351,P0293,1,7566.93,0
I02966,O01231,P0177,4,1577.43,5
I02967,O00388,P0209,2,6086.81,26
I02968,O00033,P0197,1,1764.67,1
I02969,O01021,P0328,1,2036.1,30
I02970,O00354,P0464,2,3910.46,22
I02971,O01438,P0413,4,5784.76,11
I02972,O01301,P0148,2,9942.01,22
I02973,O01414,P0048,3,8086.92,24
I02974,O01359,P0493,3,6015.86,28
I02975,O01016,P0131,4,592.03,12
I02976,O00427,P0186,5,6494.82,8
I02977,O00677,P0371,3,749.28,12
I02978,O01099,P0340,4,8244.94,11
I02979,O00549,P0260,5,2063.16,9
I02980,O00469,P0339,5,9403.81,11
I02981,O01291,P0082,5,8561.29,26
I02982,O00803,P0425,4,3067.16,10
I02983,O01358,P0416,2,4661.16,11
I02984,O01041,P0462,5,6128.58,7
I02985,O01333,P0210,2,7737.39,19
I02986,O01329,P0129,5,3077.58,27
I02987,O01415,P0173,4,8678.55,1
I02988,O01483,P0405,-3,3125.46,25
I02989,O01477,P0017,1,5999.22,17
I02990,O00339,P0376,3,8245.04,1
I02991,O00353,P0470,4,9859.53,19
I02992,O01428,P0240,2,4523.68,29
I02993,O01209,P0162,4,2769.45,25
I02994,O01405,P0003,3,2492.72,29
I02995,O00283,P0172,1,5635.04,11
I02996,O01386,P0068,1,6922.36,20
I02997,O00704,P0012,1,6613.54,30
I02998,O00430,P0176,5,2347.06,2
I02999,O01222,P0136,2,7740.61,21
I03000,O01007,P0318,2,8598.88,24
