product_id,product_name,category,subcategory,cost_price
P0001,Lamp Product 1,Home,Lamp,2143.54
P0002,Laptop Product 2,Electronics,Laptop,1790.65
P0003,Shirt Product 3,Clothing,Shirt,1160.01
P0004,Laptop Product 4,Electronics,Laptop,1869.43
P0005,Lamp Product 5,Home,Lamp,2174.11
P0006,Headphones Product 6,Electronics,Headphones,4155.83
P0007,Chair Product 7,Home,Chair,3528.36
P0008,Table Product 8,Home,Table,947.96
P0009,Jacket Product 9,Clothing,Jacket,394.45
P0010,Mobile Product 10,Electronics,Mobile,1114.91
P0011,Education Product 11,Books,Education,1881.76
P0012,Lamp Product 12,Home,Lamp,4422.54
P0013,Shirt Product 13,Clothing,Shirt,296.32
P0014,Laptop Product 14,Electronics,Laptop,2148.87
P0015,Education Product 15,Books,Education,3786.97
P0016,Laptop Product 16,Electronics,Laptop,1452.07
P0017,Biography Product 17,Books,Biography,274.82
P0018,Biography Product 18,Books,Biography,1061.89
P0019,Shirt Product 19,Clothing,Shirt,1482.76
P0020,Mobile Product 20,Electronics,Mobile,2181.74
P0021,Jeans Product 21,Clothing,Jeans,1189.05
P0022,Chair Product 22,Home,Chair,3723.1
P0023,Fiction Product 23,Books,Fiction,435.42
P0024,Lamp Product 24,Home,Lamp,2051.89
P0025,Education Product 25,Books,Education,153.24
P0026,Chair Product 26,Home,Chair,3109.72
P0027,Chair Product 27,Home,Chair,574.02
P0028,Biography Product 28,Books,Biography,439.3
P0029,Lamp Product 29,Home,Lamp,1698.69
P0030,Shirt Product 30,Clothing,Shirt,614.43
P0031,Jeans Product 31,Clothing,Jeans,4793.21
P0032,Shirt Product 32,Clothing,Shirt,1317.04
P0033,Jacket Product 33,Clothing,Jacket,3807.8
P0034,Mobile Product 34,Electronics,Mobile,3158.35
P0035,Biography Product 35,Books,Biography,2272.08
P0036,Lamp Product 36,Home,Lamp,2226.83
P0037,Education Product 37,Books,Education,3991.83
P0038,Laptop Product 38,Electronics,Laptop,1586.52
P0039,Fiction Product 39,Books,Fiction,4166.9
P0040,Headphones Product 40,Electronics,Headphones,4283.7
P0041,Education Product 41,Books,Education,4773.45
P0042,Laptop Product 42,Electronics,Laptop,2879.7
P0043,Jeans Product 43,Clothing,Jeans,2531.77
P0044,Laptop Product 44,Electronics,Laptop,4500.68
P0045,Lamp Product 45,Home,Lamp,3248.33
P0046,Mobile Product 46,Electronics,Mobile,4955.38
P0047,Jeans Product 47,Clothing,Jeans,1450.32
P0048,Education Product 48,Books,Education,309.21
P0049,Chair Product 49,Home,Chair,2811.92
P0050,Education Product 50,Books,Education,4265.25
P0051,Jeans Product 51,Clothing,Jeans,3334.88
P0052,Table Product 52,Home,Table,3507.48
P0053,Fiction Product 53,Books,Fiction,4693.11
P0054,Lamp Product 54,Home,Lamp,3968.73
P0055,Jacket Product 55,Clothing,Jacket,4738.19
P0056,Headphones Product 56,Electronics,Headphones,2567.02
P0057,Laptop Product 57,Electronics,Laptop,4758.29
P0058,Table Product 58,Home,Table,4999.88
P0059,Shirt Product 59,Clothing,Shirt,3951.19
P0060,Headphones Product 60,Electronics,Headphones,3843.22
P0061,Jacket Product 61,Clothing,Jacket,853.12
P0062,Jacket Product 62,Clothing,Jacket,2083.75
P0063,Jeans Product 63,Clothing,Jeans,3774.34
P0064,Fiction Product 64,Books,Fiction,1581.87
P0065,Fiction Product 65,Books,Fiction,4738.29
P0066,Education Product 66,Books,Education,3901.71
P0067,Fiction Product 67,Books,Fiction,4016.23
P0068,Jeans Product 68,Clothing,Jeans,2428.92
P0069,Lamp Product 69,Home,Lamp,3571.43
P0070,Laptop Product 70,Electronics,Laptop,843.55
P0071,Biography Product 71,Books,Biography,2215.49
P0072,Jeans Product 72,Clothing,Jeans,4655.84
P0073,Fiction Product 73,Books,Fiction,1901.11
P0074,Fiction Product 74,Books,Fiction,189.53
P0075,Headphones Product 75,Electronics,Headphones,3967.33
P0076,Shirt Product 76,Clothing,Shirt,4157.32
P0077,Jacket Product 77,Clothing,Jacket,3095.97
P0078,Mobile Product 78,Electronics,Mobile,4183.07
P0079,Fiction Product 79,Books,Fiction,1226.32
P0080,Mobile Product 80,Electronics,Mobile,3212.81
P0081,Fiction Product 81,Books,Fiction,4530.48
P0082,Headphones Product 82,Electronics,Headphones,1247.59
P0083,Jeans Product 83,Clothing,Jeans,3093.31
P0084,Jacket Product 84,Clothing,Jacket,3338.64
P0085,Headphones Product 85,Electronics,Headphones,385.01
P0086,Laptop Product 86,Electronics,Laptop,265.5
P0087,Education Product 87,Books,Education,130.4
P0088,Laptop Product 88,Electronics,Laptop,3302.67
P0089,Headphones Product 89,Electronics,Headphones,1695.97
P0090,Laptop Product 90,Electronics,Laptop,4076.87
P0091,Jacket Product 91,Clothing,Jacket,3492.18
P0092,Shirt Product 92,Clothing,Shirt,3892.14
P0093,Fiction Product 93,Books,Fiction,266.84
P0094,Shirt Product 94,Clothing,Shirt,1584.88
P0095,Biography Product 95,Books,Biography,231.27
P0096,Jeans Product 96,Clothing,Jeans,3915.17
P0097,Table Product 97,Home,Table,1871.69
P0098,Biography Product 98,Books,Biography,4784.57
P0099,Chair Product 99,Home,Chair,2512.74
P0100,Chair Product 100,Home,Chair,440.69
P0101,Jacket Product 101,Clothing,Jacket,557.86
P0102,Lamp Product 102,Home,Lamp,2257.28
P0103,Fiction Product 103,Books,Fiction,1790.16
P0104,Headphones Product 104,Electronics,Headphones,1795.17
P0105,Education Product 105,Books,Education,3967.82
P0106,Mobile Product 106,Electronics,Mobile,2060.74
P0107,Shirt Product 107,Clothing,Shirt,3057.49
P0108,Fiction Product 108,Books,Fiction,1218.18
P0109,Table Product 109,Home,Table,2857.86
P0110,Jacket Product 110,Clothing,Jacket,1886.27
P0111,Fiction Product 111,Books,Fiction,2670.83
P0112,Education Product 112,Books,Education,1285.58
P0113,Mobile Product 113,Electronics,Mobile,2520.27
P0114,Biography Product 114,Books,Biography,3886.07
P0115,Fiction Product 115,Books,Fiction,1463.61
P0116,Fiction Product 116,Books,Fiction,4271.49
P0117,Fiction Product 117,Books,Fiction,2253.3
P0118,Headphones Product 118,Electronics,Headphones,4933.54
P0119,Lamp Product 119,Home,Lamp,2733.75
P0120,Chair Product 120,Home,Chair,4640.26
P0121,Jeans Product 121,Clothing,Jeans,650.74
P0122,Shirt Product 122,Clothing,Shirt,2495.41
P0123,Lamp Product 123,Home,Lamp,2363.66
P0124,Jacket Product 124,Clothing,Jacket,375.45
P0125,Biography Product 125,Books,Biography,2652.19
P0126,Biography Product 126,Books,Biography,4863.28
P0127,Laptop Product 127,Electronics,Laptop,2610.93
P0128,Jacket Product 128,Clothing,Jacket,950.72
P0129,Jeans Product 129,Clothing,Jeans,4347.65
P0130,Headphones Product 130,Electronics,Headphones,865.05
P0131,Lamp Product 131,Home,Lamp,4740.04
P0132,Chair Product 132,Home,Chair,3193.53
P0133,Chair Product 133,Home,Chair,3091.42
P0134,Headphones Product 134,Electronics,Headphones,2979.45
P0135,Shirt Product 135,Clothing,Shirt,3617.13
P0136,Lamp Product 136,Home,Lamp,4325.72
P0137,Mobile Product 137,Electronics,Mobile,3866.56
P0138,Lamp Product 138,Home,Lamp,2882.08
P0139,Laptop Product 139,Electronics,Laptop,2750.61
P0140,Table Product 140,Home,Table,4046.38
P0141,Education Product 141,Books,Education,3458.64
P0142,Jeans Product 142,Clothing,Jeans,2348.99
P0143,Lamp Product 143,Home,Lamp,4314.35
P0144,Lamp Product 144,Home,Lamp,1759.58
P0145,Fiction Product 145,Books,Fiction,2599.15
P0146,Laptop Product 146,Electronics,Laptop,656.48
P0147,Fiction Product 147,Books,Fiction,300.5
P0148,Biography Product 148,Books,Biography,4815.29
P0149,Jeans Product 149,Clothing,Jeans,3619.59
P0150,Shirt Product 150,Clothing,Shirt,2597.89
P0151,Education Product 151,Books,Education,495.74
P0152,Biography Product 152,Books,Biography,1241.61
P0153,Chair Product 153,Home,Chair,2499.73
P0154,Education Product 154,Books,Education,4243.5
P0155,Fiction Product 155,Books,Fiction,3651.16
P0156,Education Product 156,Books,Education,303.23
P0157,Jeans Product 157,Clothing,Jeans,413.98
P0158,Biography Product 158,Books,Biography,4946.0
P0159,Mobile Product 159,Electronics,Mobile,1999.82
P0160,Lamp Product 160,Home,Lamp,3787.08
P0161,Jacket Product 161,Clothing,Jacket,2525.39
P0162,Mobile Product 162,Electronics,Mobile,1698.55
P0163,Biography Product 163,Books,Biography,3050.99
P0164,Jeans Product 164,Clothing,Jeans,1626.72
P0165,Biography Product 165,Books,Biography,1531.21
P0166,Lamp Product 166,Home,Lamp,2685.08
P0167,Table Product 167,Home,Table,1873.37
P0168,Laptop Product 168,Electronics,Laptop,3993.94
P0169,Headphones Product 169,Electronics,Headphones,4837.0
P0170,Jacket Product 170,Clothing,Jacket,2428.22
P0171,Fiction Product 171,Books,Fiction,1248.87
P0172,Mobile Product 172,Electronics,Mobile,1602.78
P0173,Jeans Product 173,Clothing,Jeans,2081.37
P0174,Biography Product 174,Books,Biography,3543.59
P0175,Jacket Product 175,Clothing,Jacket,3328.02
P0176,Education Product 176,Books,Education,2325.33
P0177,Lamp Product 177,Home,Lamp,3871.35
P0178,Lamp Product 178,Home,Lamp,4788.82
P0179,Lamp Product 179,Home,Lamp,4710.35
P0180,Table Product 180,Home,Table,3466.69
P0181,Education Product 181,Books,Education,2824.41
P0182,Table Product 182,Home,Table,3399.28
P0183,Education Product 183,Books,Education,4775.31
P0184,Jeans Product 184,Clothing,Jeans,4778.8
P0185,Laptop Product 185,Electronics,Laptop,3297.06
P0186,Fiction Product 186,Books,Fiction,2715.96
P0187,Chair Product 187,Home,Chair,3717.41
P0188,Shirt Product 188,Clothing,Shirt,4530.66
P0189,Jacket Product 189,Clothing,Jacket,545.98
P0190,Lamp Product 190,Home,Lamp,3421.9
P0191,Shirt Product 191,Clothing,Shirt,4890.66
P0192,Jeans Product 192,Clothing,Jeans,4409.2
P0193,Education Product 193,Books,Education,3791.76
P0194,Table Product 194,Home,Table,342.85
P0195,Headphones Product 195,Electronics,Headphones,2699.0
P0196,Mobile Product 196,Electronics,Mobile,4196.14
P0197,Laptop Product 197,Electronics,Laptop,972.24
P0198,Chair Product 198,Home,Chair,2861.41
P0199,Laptop Product 199,Electronics,Laptop,4946.04
P0200,Fiction Product 200,Books,Fiction,2366.7
P0201,Shirt Product 201,Clothing,Shirt,3669.04
P0202,Lamp Product 202,Home,Lamp,3696.26
P0203,Lamp Product 203,Home,Lamp,1006.15
P0204,Education Product 204,Books,Education,479.35
P0205,Mobile Product 205,Electronics,Mobile,2413.4
P0206,Shirt Product 206,Clothing,Shirt,1215.83
P0207,Table Product 207,Home,Table,3628.27
P0208,Laptop Product 208,Electronics,Laptop,3479.2
P0209,Headphones Product 209,Electronics,Headphones,1568.69
P0210,Biography Product 210,Books,Biography,4480.84
P0211,Lamp Product 211,Home,Lamp,4584.85
P0212,Table Product 212,Home,Table,1134.69
P0213,Jeans Product 213,Clothing,Jeans,3751.29
P0214,Table Product 214,Home,Table,4568.34
P0215,Shirt Product 215,Clothing,Shirt,2999.28
P0216,Headphones Product 216,Electronics,Headphones,3533.64
P0217,Headphones Product 217,Electronics,Headphones,4152.43
P0218,Jacket Product 218,Clothing,Jacket,864.46
P0219,Fiction Product 219,Books,Fiction,3598.74
P0220,Fiction Product 220,Books,Fiction,2255.14
P0221,Laptop Product 221,Electronics,Laptop,2106.35
P0222,Headphones Product 222,Electronics,Headphones,4044.23
P0223,Laptop Product 223,Electronics,Laptop,64.93
P0224,Jacket Product 224,Clothing,Jacket,2147.3
P0225,Headphones Product 225,Electronics,Headphones,4676.18
P0226,Laptop Product 226,Electronics,Laptop,2073.89
P0227,Jacket Product 227,Clothing,Jacket,3247.11
P0228,Education Product 228,Books,Education,1943.27
P0229,Education Product 229,Books,Education,4822.51
P0230,Jacket Product 230,Clothing,Jacket,637.23
P0231,Biography Product 231,Books,Biography,4894.69
P0232,Mobile Product 232,Electronics,Mobile,2341.87
P0233,Biography Product 233,Books,Biography,1186.84
P0234,Education Product 234,Books,Education,982.98
P0235,Mobile Product 235,Electronics,Mobile,2125.24
P0236,Mobile Product 236,Electronics,Mobile,549.44
P0237,Laptop Product 237,Electronics,Laptop,3531.27
P0238,Mobile Product 238,Electronics,Mobile,2041.21
P0239,Jacket Product 239,Clothing,Jacket,4325.46
P0240,Mobile Product 240,Electronics,Mobile,1481.85
P0241,Lamp Product 241,Home,Lamp,3379.03
P0242,Chair Product 242,Home,Chair,759.14
P0243,Jeans Product 243,Clothing,Jeans,351.74
P0244,Jacket Product 244,Clothing,Jacket,2801.46
P0245,Laptop Product 245,Electronics,Laptop,3373.15
P0246,Lamp Product 246,Home,Lamp,788.63
P0247,Fiction Product 247,Books,Fiction,2393.92
P0248,Jeans Product 248,Clothing,Jeans,764.54
P0249,Fiction Product 249,Books,Fiction,4840.54
P0250,Jeans Product 250,Clothing,Jeans,1056.52
P0251,Laptop Product 251,Electronics,Laptop,507.7
P0252,Shirt Product 252,Clothing,Shirt,3384.68
P0253,Mobile Product 253,Electronics,Mobile,3820.4
P0254,Jeans Product 254,Clothing,Jeans,4539.81
P0255,Chair Product 255,Home,Chair,990.62
P0256,Headphones Product 256,Electronics,Headphones,2420.66
P0257,Jacket Product 257,Clothing,Jacket,1062.34
P0258,Jacket Product 258,Clothing,Jacket,1451.14
P0259,Biography Product 259,Books,Biography,1576.69
P0260,Lamp Product 260,Home,Lamp,2356.72
P0261,Education Product 261,Books,Education,1884.99
P0262,Fiction Product 262,Books,Fiction,1145.31
P0263,Shirt Product 263,Clothing,Shirt,4677.05
P0264,Education Product 264,Books,Education,1682.83
P0265,Biography Product 265,Books,Biography,2521.54
P0266,Table Product 266,Home,Table,2468.67
P0267,Education Product 267,Books,Education,3985.13
P0268,Shirt Product 268,Clothing,Shirt,2467.17
P0269,Headphones Product 269,Electronics,Headphones,4241.15
P0270,Mobile Product 270,Electronics,Mobile,4220.6
P0271,Shirt Product 271,Clothing,Shirt,95.25
P0272,Education Product 272,Books,Education,3206.76
P0273,Biography Product 273,Books,Biography,82.73
P0274,Fiction Product 274,Books,Fiction,3624.85
P0275,Chair Product 275,Home,Chair,3504.4
P0276,Fiction Product 276,Books,Fiction,526.75
P0277,Shirt Product 277,Clothing,Shirt,2655.96
P0278,Table Product 278,Home,Table,441.15
P0279,Education Product 279,Books,Education,4951.65
P0280,Jeans Product 280,Clothing,Jeans,4246.94
P0281,Mobile Product 281,Electronics,Mobile,1916.99
P0282,Fiction Product 282,Books,Fiction,3529.08
P0283,Laptop Product 283,Electronics,Laptop,3242.29
P0284,Lamp Product 284,Home,Lamp,4870.51
P0285,Mobile Product 285,Electronics,Mobile,4347.18
P0286,Education Product 286,Books,Education,418.02
P0287,Lamp Product 287,Home,Lamp,212.86
P0288,Chair Product 288,Home,Chair,2955.83
P0289,Fiction Product 289,Books,Fiction,2841.59
P0290,Biography Product 290,Books,Biography,1692.06
P0291,Jacket Product 291,Clothing,Jacket,2528.92
P0292,Chair Product 292,Home,Chair,1199.11
P0293,Laptop Product 293,Electronics,Laptop,3088.63
P0294,Education Product 294,Books,Education,1402.97
P0295,Education Product 295,Books,Education,2787.54
P0296,Education Product 296,Books,Education,2950.08
P0297,Fiction Product 297,Books,Fiction,1512.13
P0298,Jacket Product 298,Clothing,Jacket,1376.46
P0299,Biography Product 299,Books,Biography,813.67
P0300,Education Product 300,Books,Education,503.03
P0301,Table Product 301,Home,Table,1385.34
P0302,Shirt Product 302,Clothing,Shirt,2271.78
P0303,Fiction Product 303,Books,Fiction,1801.88
P0304,Headphones Product 304,Electronics,Headphones,1655.93
P0305,Fiction Product 305,Books,Fiction,1969.61
P0306,Headphones Product 306,Electronics,Headphones,4530.78
P0307,Jacket Product 307,Clothing,Jacket,3442.31
P0308,Shirt Product 308,Clothing,Shirt,1378.61
P0309,Shirt Product 309,Clothing,Shirt,1416.01
P0310,Table Product 310,Home,Table,1837.57
P0311,Jacket Product 311,Clothing,Jacket,2989.34
P0312,Jeans Product 312,Clothing,Jeans,1558.06
P0313,Education Product 313,Books,Education,1930.46
P0314,Table Product 314,Home,Table,4086.6
P0315,Jeans Product 315,Clothing,Jeans,4739.03
P0316,Jeans Product 316,Clothing,Jeans,4824.64
P0317,Table Product 317,Home,Table,3182.87
P0318,Jeans Product 318,Clothing,Jeans,4091.65
P0319,Education Product 319,Books,Education,2841.06
P0320,Jacket Product 320,Clothing,Jacket,183.23
P0321,Biography Product 321,Books,Biography,3998.54
P0322,Laptop Product 322,Electronics,Laptop,738.94
P0323,Chair Product 323,Home,Chair,813.01
P0324,Education Product 324,Books,Education,4953.97
P0325,Biography Product 325,Books,Biography,2557.73
P0326,Biography Product 326,Books,Biography,4843.72
P0327,Mobile Product 327,Electronics,Mobile,3305.13
P0328,Chair Product 328,Home,Chair,269.27
P0329,Education Product 329,Books,Education,2180.75
P0330,Mobile Product 330,Electronics,Mobile,2577.85
P0331,Jeans Product 331,Clothing,Jeans,2342.16
P0332,Jeans Product 332,Clothing,Jeans,2439.72
P0333,Table Product 333,Home,Table,474.98
P0334,Jeans Product 334,Clothing,Jeans,2303.9
P0335,Jacket Product 335,Clothing,Jacket,2407.0
P0336,Biography Product 336,Books,Biography,1628.6
P0337,Chair Product 337,Home,Chair,619.67
P0338,Lamp Product 338,Home,Lamp,4010.25
P0339,Jacket Product 339,Clothing,Jacket,842.67
P0340,Education Product 340,Books,Education,2054.98
P0341,Shirt Product 341,Clothing,Shirt,2189.07
P0342,Headphones Product 342,Electronics,Headphones,1026.76
P0343,Education Product 343,Books,Education,1113.24
P0344,Lamp Product 344,Home,Lamp,359.69
P0345,Headphones Product 345,Electronics,Headphones,1663.63
P0346,Fiction Product 346,Books,Fiction,4320.05
P0347,Lamp Product 347,Home,Lamp,1993.09
P0348,Laptop Product 348,Electronics,Laptop,2316.41
P0349,Jacket Product 349,Clothing,Jacket,1522.35
P0350,Headphones Product 350,Electronics,Headphones,633.42
P0351,Chair Product 351,Home,Chair,3482.51
P0352,Education Product 352,Books,Education,2895.29
P0353,Fiction Product 353,Books,Fiction,2710.03
P0354,Jacket Product 354,Clothing,Jacket,1479.73
P0355,Jeans Product 355,Clothing,Jeans,3116.08
P0356,Chair Product 356,Home,Chair,1015.89
P0357,Biography Product 357,Books,Biography,2500.1
P0358,Education Product 358,Books,Education,2247.07
P0359,Shirt Product 359,Clothing,Shirt,3989.61
P0360,Jeans Product 360,Clothing,Jeans,1162.97
P0361,Chair Product 361,Home,Chair,2849.97
P0362,Biography Product 362,Books,Biography,2884.93
P0363,Lamp Product 363,Home,Lamp,1865.97
P0364,Headphones Product 364,Electronics,Headphones,1131.78
P0365,Fiction Product 365,Books,Fiction,3285.67
P0366,Jeans Product 366,Clothing,Jeans,209.54
P0367,Table Product 367,Home,Table,480.57
P0368,Mobile Product 368,Electronics,Mobile,3701.18
P0369,Lamp Product 369,Home,Lamp,2169.43
P0370,Shirt Product 370,Clothing,Shirt,4036.93
P0371,Lamp Product 371,Home,Lamp,2716.9
P0372,Lamp Product 372,Home,Lamp,2885.04
P0373,Mobile Product 373,Electronics,Mobile,3939.17
P0374,Laptop Product 374,Electronics,Laptop,678.1
P0375,Shirt Product 375,Clothing,Shirt,1644.38
P0376,Jacket Product 376,Clothing,Jacket,753.75
P0377,Lamp Product 377,Home,Lamp,2287.36
P0378,Laptop Product 378,Electronics,Laptop,1427.22
P0379,Table Product 379,Home,Table,1670.08
P0380,Headphones Product 380,Electronics,Headphones,4862.14
P0381,Chair Product 381,Home,Chair,2018.69
P0382,Fiction Product 382,Books,Fiction,1648.18
P0383,Table Product 383,Home,Table,696.44
P0384,Education Product 384,Books,Education,3823.16
P0385,Mobile Product 385,Electronics,Mobile,4191.68
P0386,Mobile Product 386,Electronics,Mobile,832.02
P0387,Fiction Product 387,Books,Fiction,2167.61
P0388,Jacket Product 388,Clothing,Jacket,4378.4
P0389,Chair Product 389,Home,Chair,1289.43
P0390,Lamp Product 390,Home,Lamp,869.35
P0391,Biography Product 391,Books,Biography,3512.23
P0392,Jeans Product 392,Clothing,Jeans,3533.31
P0393,Mobile Product 393,Electronics,Mobile,706.86
P0394,Jacket Product 394,Clothing,Jacket,95.97
P0395,Chair Product 395,Home,Chair,2140.45
P0396,Jeans Product 396,Clothing,Jeans,1946.2
P0397,Mobile Product 397,Electronics,Mobile,4410.9
P0398,Jeans Product 398,Clothing,Jeans,3778.13
P0399,Jacket Product 399,Clothing,Jacket,757.12
P0400,Headphones Product 400,Electronics,Headphones,2228.49
P0401,Jacket Product 401,Clothing,Jacket,4603.48
P0402,Fiction Product 402,Books,Fiction,547.3
P0403,Headphones Product 403,Electronics,Headphones,1790.1
P0404,Education Product 404,Books,Education,1276.54
P0405,Mobile Product 405,Electronics,Mobile,3020.04
P0406,Lamp Product 406,Home,Lamp,4243.0
P0407,Chair Product 407,Home,Chair,2572.14
P0408,Education Product 408,Books,Education,3929.82
P0409,Jeans Product 409,Clothing,Jeans,1243.35
P0410,Headphones Product 410,Electronics,Headphones,109.73
P0411,Table Product 411,Home,Table,4311.03
P0412,Education Product 412,Books,Education,905.21
P0413,Fiction Product 413,Books,Fiction,384.29
P0414,Chair Product 414,Home,Chair,349.32
P0415,Biography Product 415,Books,Biography,3577.51
P0416,Education Product 416,Books,Education,458.02
P0417,Jeans Product 417,Clothing,Jeans,441.16
P0418,Shirt Product 418,Clothing,Shirt,1984.12
P0419,Laptop Product 419,Electronics,Laptop,3663.29
P0420,Shirt Product 420,Clothing,Shirt,4626.91
P0421,Laptop Product 421,Electronics,Laptop,322.39
P0422,Shirt Product 422,Clothing,Shirt,729.2
P0423,Mobile Product 423,Electronics,Mobile,1766.19
P0424,Chair Product 424,Home,Chair,3761.39
P0425,Lamp Product 425,Home,Lamp,3868.58
P0426,Laptop Product 426,Electronics,Laptop,1396.3
P0427,Laptop Product 427,Electronics,Laptop,2904.43
P0428,Laptop Product 428,Electronics,Laptop,1832.61
P0429,Biography Product 429,Books,Biography,828.68
P0430,Headphones Product 430,Electronics,Headphones,620.9
P0431,Mobile Product 431,Electronics,Mobile,110.83
P0432,Laptop Product 432,Electronics,Laptop,4605.12
P0433,Shirt Product 433,Clothing,Shirt,4574.04
P0434,Fiction Product 434,Books,Fiction,2110.47
P0435,Table Product 435,Home,Table,2879.1
P0436,Headphones Product 436,Electronics,Headphones,310.73
P0437,Jacket Product 437,Clothing,Jacket,4772.69
P0438,Laptop Product 438,Electronics,Laptop,3878.96
P0439,Table Product 439,Home,Table,2310.89
P0440,Chair Product 440,Home,Chair,3933.31
P0441,Jeans Product 441,Clothing,Jeans,4860.7
P0442,Jacket Product 442,Clothing,Jacket,3814.39
P0443,Shirt Product 443,Clothing,Shirt,2079.68
P0444,Jacket Product 444,Clothing,Jacket,4205.89
P0445,Laptop Product 445,Electronics,Laptop,3303.65
P0446,Chair Product 446,Home,Chair,4916.42
P0447,Education Product 447,Books,Education,4864.17
P0448,Jacket Product 448,Clothing,Jacket,267.31
P0449,Jacket Product 449,Clothing,Jacket,4483.11
P0450,Biography Product 450,Books,Biography,523.11
P0451,Jacket Product 451,Clothing,Jacket,420.41
P0452,Laptop Product 452,Electronics,Laptop,697.01
P0453,Table Product 453,Home,Table,4633.91
P0454,Biography Product 454,Books,Biography,1664.95
P0455,Education Product 455,Books,Education,4720.6
P0456,Jacket Product 456,Clothing,Jacket,573.01
P0457,Education Product 457,Books,Education,647.65
P0458,Chair Product 458,Home,Chair,2343.57
P0459,Mobile Product 459,Electronics,Mobile,3445.97
P0460,Mobile Product 460,Electronics,Mobile,1672.58
P0461,Headphones Product 461,Electronics,Headphones,1810.93
P0462,Headphones Product 462,Electronics,Headphones,4109.44
P0463,Shirt Product 463,Clothing,Shirt,4280.28
P0464,Shirt Product 464,Clothing,Shirt,4029.29
P0465,Shirt Product 465,Clothing,Shirt,4160.34
P0466,Shirt Product 466,Clothing,Shirt,2032.88
P0467,Headphones Product 467,Electronics,Headphones,4591.27
P0468,Mobile Product 468,Electronics,Mobile,1028.86
P0469,Fiction Product 469,Books,Fiction,4244.01
P0470,Chair Product 470,Home,Chair,2331.92
P0471,Jacket Product 471,Clothing,Jacket,3635.93
P0472,Fiction Product 472,Books,Fiction,2161.99
P0473,Chair Product 473,Home,Chair,1411.16
P0474,Fiction Product 474,Books,Fiction,3114.92
P0475,Jacket Product 475,Clothing,Jacket,2089.36
P0476,Fiction Product 476,Books,Fiction,1945.93
P0477,Fiction Product 477,Books,Fiction,3996.13
P0478,Jacket Product 478,Clothing,Jacket,2741.1
P0479,Laptop Product 479,Electronics,Laptop,1827.6
P0480,Education Product 480,Books,Education,2536.85
P0481,Education Product 481,Books,Education,1628.44
P0482,Shirt Product 482,Clothing,Shirt,3903.76
P0483,Laptop Product 483,Electronics,Laptop,3845.87
P0484,Shirt Product 484,Clothing,Shirt,3301.48
P0485,Lamp Product 485,Home,Lamp,4590.43
P0486,Mobile Product 486,Electronics,Mobile,4914.19
P0487,Education Product 487,Books,Education,4958.13
P0488,Shirt Product 488,Clothing,Shirt,1624.12
P0489,Lamp Product 489,Home,Lamp,3517.78
P0490,Jacket Product 490,Clothing,Jacket,4191.65
P0491,Biography Product 491,Books,Biography,2477.66
P0492,Mobile Product 492,Electronics,Mobile,1133.1
P0493,Fiction Product 493,Books,Fiction,3089.97
P0494,Jeans Product 494,Clothing,Jeans,4597.96
P0495,Chair Product 495,Home,Chair,2953.72
P0496,Shirt Product 496,Clothing,Shirt,4310.31
P0497,Laptop Product 497,Electronics,Laptop,3327.59
P0498,Laptop Product 498,Electronics,Laptop,725.44
P0499,Jacket Product 499,Clothing,Jacket,3969.62
P0500,Biography Product 500,Books,Biography,3550.56
